date,t9,t12,t15,tmax_day,precip_day,cloud_day
2016-05-01,48.4,52.2,48.7,52.2,0.03,99
2016-05-02,46.8,50.1,48.3,50.8,0.15,100
2016-05-03,45.8,48.2,48.5,48.5,0.11,100
2016-05-04,46.5,47.6,47.1,48.2,0.02,100
2016-05-05,43.7,46.0,45.9,46.2,0.03,100
2016-05-06,48.0,52.2,53.4,53.4,0.0,94
2016-05-07,46.6,49.4,50.8,51.1,0.03,100
2016-05-08,53.9,57.0,57.9,59.2,0.11,68
2016-05-09,49.8,55.6,59.9,60.9,0.01,65
2016-05-10,51.9,60.8,67.1,67.7,0.0,52
2016-05-11,59.9,67.5,72.4,72.9,0.0,0
2016-05-12,60.0,69.1,74.2,74.4,0.0,23
2016-05-13,61.0,65.8,71.0,71.0,0.08,100
2016-05-14,62.3,71.4,74.5,74.5,0.0,63
2016-05-15,50.7,54.3,57.0,57.0,0.01,52
2016-05-16,44.6,49.4,53.3,54.8,0.0,96
2016-05-17,55.9,62.0,66.3,66.4,0.0,98
2016-05-18,55.2,61.5,64.1,64.4,0.0,63
2016-05-19,56.1,63.4,65.7,65.7,0.03,55
2016-05-20,61.5,69.1,70.3,70.7,0.0,52
2016-05-21,64.9,70.0,69.9,70.0,0.0,91
2016-05-22,59.0,61.7,63.8,63.9,0.09,76
2016-05-23,65.5,72.0,72.3,72.3,0.0,58
2016-05-24,53.9,54.9,56.7,58.1,0.13,100
2016-05-25,65.2,78.9,85.1,85.8,0.0,6
2016-05-26,73.3,80.7,83.5,83.5,0.0,84
2016-05-27,69.9,80.4,79.8,85.5,0.0,96
2016-05-28,78.0,87.4,89.7,89.8,0.0,96
2016-05-29,63.4,70.3,65.6,72.3,0.0,100
2016-05-30,59.6,63.5,69.0,72.2,0.63,100
2016-05-31,73.7,80.3,83.1,83.1,0.0,57
2016-06-01,68.0,72.0,70.9,72.2,0.0,92
2016-06-02,58.3,65.8,68.5,68.5,0.0,69
2016-06-03,60.0,65.4,69.4,70.6,0.0,100
2016-06-04,68.4,78.1,78.7,80.1,0.0,99
2016-06-05,64.6,65.3,62.9,65.3,0.22,100
2016-06-06,69.2,75.3,79.0,79.0,0.0,34
2016-06-07,73.2,80.0,80.4,80.9,0.16,31
2016-06-08,63.7,69.8,65.1,71.3,0.08,77
2016-06-09,56.6,61.2,64.2,64.2,0.0,93
2016-06-10,56.3,62.5,65.5,66.9,0.0,92
2016-06-11,63.1,72.2,62.5,72.2,0.14,100
2016-06-12,72.2,69.3,68.0,72.2,0.0,54
2016-06-13,61.6,65.1,67.3,68.6,0.0,87
2016-06-14,61.5,70.2,74.6,75.6,0.0,27
2016-06-15,71.1,78.7,79.9,80.6,0.0,55
2016-06-16,73.3,80.4,81.5,81.5,0.0,59
2016-06-17,66.9,73.2,75.3,76.3,0.0,36
2016-06-18,71.3,77.8,75.8,78.4,0.0,6
2016-06-19,69.9,81.8,83.9,85.3,0.0,23
2016-06-20,71.7,83.4,85.8,86.7,0.0,42
2016-06-21,77.4,86.4,86.2,88.7,0.0,52
2016-06-22,73.2,79.7,70.6,80.8,0.01,46
2016-06-23,71.8,80.9,79.0,84.7,0.0,68
2016-06-24,72.6,78.4,78.7,79.9,0.0,0
2016-06-25,71.5,79.4,80.4,80.6,0.0,1
2016-06-26,72.9,84.7,87.3,88.0,0.0,59
2016-06-27,75.1,84.9,84.6,87.2,0.0,75
2016-06-28,68.5,74.3,79.2,79.8,0.03,76
2016-06-29,69.2,75.2,79.7,81.1,0.15,77
2016-06-30,72.6,80.9,82.3,84.4,0.0,47
2016-07-01,76.6,80.6,81.0,82.1,0.02,77
2016-07-02,67.1,73.9,75.2,76.7,0.0,41
2016-07-03,70.4,77.7,79.4,79.4,0.0,43
2016-07-04,74.3,82.2,85.4,85.8,0.0,16
2016-07-05,67.8,73.1,77.7,81.0,0.01,72
2016-07-06,80.8,89.4,90.4,92.8,0.0,53
2016-07-07,75.2,80.3,81.2,82.9,0.06,77
2016-07-08,63.9,67.2,68.4,70.1,0.0,100
2016-07-09,62.4,65.0,64.2,66.2,0.08,100
2016-07-10,61.8,65.2,65.7,68.7,0.0,100
2016-07-11,64.2,68.1,74.8,77.1,0.04,98
2016-07-12,75.0,82.6,85.4,85.5,0.0,41
2016-07-13,76.7,85.8,87.4,87.7,0.0,33
2016-07-14,75.0,81.0,81.7,84.4,0.02,87
2016-07-15,83.0,91.4,91.9,93.2,0.0,37
2016-07-16,80.7,88.9,89.2,91.3,0.0,57
2016-07-17,72.9,81.4,82.3,86.3,0.06,89
2016-07-18,79.7,89.7,93.1,93.1,0.05,87
2016-07-19,75.9,81.2,78.2,81.5,0.0,78
2016-07-20,72.1,79.1,81.3,82.8,0.0,72
2016-07-21,77.1,85.6,89.4,90.2,0.0,3
2016-07-22,80.8,89.5,93.0,94.3,0.0,33
2016-07-23,83.4,91.3,92.4,93.3,0.0,34
2016-07-24,76.0,85.7,90.3,91.1,0.0,69
2016-07-25,80.7,92.0,95.2,95.2,0.05,90
2016-07-26,80.7,89.3,90.1,92.7,0.0,61
2016-07-27,80.8,89.3,89.6,92.9,0.0,72
2016-07-28,84.6,92.4,91.9,94.4,0.0,87
2016-07-29,72.3,72.8,76.7,78.3,0.24,77
2016-07-30,74.1,82.7,83.5,85.4,0.0,84
2016-07-31,67.9,68.9,69.9,72.8,0.22,100
2016-08-01,68.7,72.9,74.1,74.7,0.0,85
2016-08-02,66.6,69.7,73.9,74.9,0.03,75
2016-08-03,69.8,77.9,80.8,80.8,0.0,41
2016-08-04,72.9,81.5,84.4,84.4,0.0,29
2016-08-05,73.5,83.0,86.2,86.2,0.0,62
2016-08-06,72.3,75.4,84.9,86.0,0.13,61
2016-08-07,76.9,82.0,83.0,83.8,0.0,31
2016-08-08,73.4,82.2,82.9,84.9,0.0,41
2016-08-09,75.1,83.8,87.4,87.8,0.0,78
2016-08-10,74.8,76.0,73.1,76.6,0.23,98
2016-08-11,78.3,88.5,92.3,93.0,0.0,39
2016-08-12,82.8,90.9,95.4,95.4,0.13,54
2016-08-13,74.6,82.8,79.2,85.3,0.02,99
2016-08-14,79.9,87.8,92.1,92.1,0.0,47
2016-08-15,77.9,84.4,86.7,87.6,0.0,52
2016-08-16,77.5,85.0,79.3,87.4,0.11,96
2016-08-17,77.7,80.3,81.0,82.5,0.0,68
2016-08-18,74.6,83.6,87.6,87.6,0.0,29
2016-08-19,76.5,83.2,84.9,85.8,0.0,41
2016-08-20,75.0,78.6,82.2,82.2,0.04,53
2016-08-21,73.2,82.4,83.6,85.0,0.0,35
2016-08-22,70.0,76.0,75.9,78.0,0.0,10
2016-08-23,68.0,76.2,79.8,80.2,0.0,0
2016-08-24,73.9,83.9,87.7,88.0,0.0,3
2016-08-25,74.4,83.9,86.0,86.9,0.0,77
2016-08-26,77.6,82.9,87.4,88.3,0.0,67
2016-08-27,77.8,84.9,84.6,87.0,0.0,80
2016-08-28,74.9,82.8,86.1,86.3,0.0,50
2016-08-29,77.5,86.1,86.0,87.3,0.0,22
2016-08-30,71.2,79.6,83.7,84.2,0.0,55
2016-08-31,72.5,83.6,82.2,86.0,0.0,99
2016-09-01,72.8,77.7,73.5,81.1,0.19,99
2016-09-02,68.5,75.8,75.1,75.8,0.0,53
2016-09-03,65.1,71.3,72.7,73.1,0.0,99
2016-09-04,66.6,72.5,73.2,73.6,0.0,2
2016-09-05,62.9,66.9,70.9,71.0,0.0,100
2016-09-06,66.7,69.9,71.3,72.3,0.04,99
2016-09-07,68.8,77.1,78.6,79.4,0.03,63
2016-09-08,69.6,76.4,78.1,79.5,0.02,97
2016-09-09,78.6,83.4,89.7,89.8,0.02,41
2016-09-10,74.8,77.7,77.5,78.6,0.06,82
2016-09-11,75.5,74.1,78.6,79.7,0.2,62
2016-09-12,65.0,72.6,76.0,76.5,0.0,0
2016-09-13,66.9,78.2,82.0,82.0,0.0,0
2016-09-14,71.9,83.8,86.1,87.0,0.0,30
2016-09-15,60.6,66.8,68.1,69.2,0.0,71
2016-09-16,61.5,68.6,72.1,72.7,0.0,65
2016-09-17,61.9,71.9,77.0,77.2,0.0,69
2016-09-18,72.3,77.3,76.5,77.7,0.04,99
2016-09-19,69.1,71.5,70.8,72.4,0.17,100
2016-09-20,67.8,75.6,79.5,80.7,0.01,99
2016-09-21,71.3,78.6,82.0,82.0,0.0,100
2016-09-22,71.0,81.3,81.8,83.4,0.0,18
2016-09-23,69.0,78.6,75.6,81.2,0.0,85
2016-09-24,56.7,62.9,63.7,65.9,0.0,66
2016-09-25,53.1,60.3,64.4,64.4,0.0,1
2016-09-26,54.8,62.9,66.4,66.6,0.0,71
2016-09-27,60.1,66.6,71.3,71.3,0.11,100
2016-09-28,58.5,60.3,57.8,60.5,0.0,100
2016-09-29,55.1,57.4,57.9,58.3,0.0,99
2016-09-30,55.7,58.1,57.8,58.1,0.04,100
2016-10-01,55.4,56.6,55.5,57.0,0.2,100
2016-10-02,54.4,56.9,56.3,58.5,0.0,100
2016-10-03,60.0,68.1,67.9,68.5,0.0,49
2016-10-04,58.0,60.9,61.3,62.1,0.01,76
2016-10-05,53.9,61.1,62.6,63.3,0.0,16
2016-10-06,48.6,65.3,70.9,70.9,0.0,4
2016-10-07,57.3,71.4,73.2,73.6,0.0,0
2016-10-08,54.9,67.8,69.0,72.1,0.0,100
2016-10-09,56.6,54.1,52.2,57.8,0.81,100
2016-10-10,46.9,54.2,56.3,57.0,0.0,0
2016-10-11,47.1,57.9,61.9,61.9,0.0,1
2016-10-12,52.2,62.2,65.2,65.2,0.0,7
2016-10-13,57.2,65.7,69.6,69.6,0.03,88
2016-10-14,46.4,53.3,57.7,57.8,0.0,0
2016-10-15,47.0,55.2,57.9,57.9,0.0,28
2016-10-16,52.0,63.0,68.2,68.2,0.0,86
2016-10-17,63.5,70.5,74.0,74.0,0.0,63
2016-10-18,59.2,70.2,74.1,76.5,0.0,45
2016-10-19,69.4,76.2,77.7,78.1,0.0,13
2016-10-20,57.2,62.3,61.7,62.4,0.0,60
2016-10-21,65.2,71.4,70.7,72.4,0.04,82
2016-10-22,56.3,56.1,51.8,57.9,0.13,100
2016-10-23,45.3,51.4,55.5,55.5,0.0,16
2016-10-24,51.1,54.8,57.0,57.0,0.0,18
2016-10-25,41.8,45.5,46.2,46.2,0.0,66
2016-10-26,38.1,44.3,45.6,45.6,0.0,59
2016-10-27,37.1,46.2,44.4,47.1,0.11,98
2016-10-28,49.0,45.4,43.5,49.3,0.08,100
2016-10-29,41.8,47.8,54.7,54.7,0.04,100
2016-10-30,55.0,58.7,62.0,62.0,0.04,91
2016-10-31,43.1,49.0,50.3,50.6,0.0,25
2017-05-01,47.6,51.5,51.8,55.0,0.01,98
2017-05-02,46.1,59.9,59.9,65.0,0.07,83
2017-05-03,57.1,57.8,55.9,60.0,0.01,69
2017-05-04,52.3,58.8,60.5,60.6,0.0,69
2017-05-05,47.9,48.4,47.7,51.5,0.71,100
2017-05-06,59.5,61.7,63.1,65.2,0.15,90
2017-05-07,55.1,61.3,59.5,61.7,0.0,69
2017-05-08,46.5,48.7,52.2,52.2,0.01,95
2017-05-09,48.3,51.7,51.7,52.2,0.01,73
2017-05-10,50.1,54.7,55.0,55.9,0.02,66
2017-05-11,51.6,54.1,56.8,56.8,0.02,89
2017-05-12,49.4,52.1,54.1,54.3,0.0,100
2017-05-13,49.5,51.5,52.1,53.2,0.0,100
2017-05-14,44.3,45.3,45.5,46.3,0.33,100
2017-05-15,46.3,54.2,57.2,59.1,0.13,93
2017-05-16,62.8,70.6,74.3,74.4,0.0,27
2017-05-17,69.4,79.9,84.1,84.1,0.0,35
2017-05-18,80.2,86.4,88.4,88.4,0.0,32
2017-05-19,77.2,82.0,81.5,82.0,0.01,18
2017-05-20,56.8,62.5,65.5,66.1,0.0,46
2017-05-21,58.0,62.9,64.6,64.6,0.0,58
2017-05-22,50.1,53.2,53.2,55.2,0.05,100
2017-05-23,57.0,66.9,69.3,70.5,0.0,97
2017-05-24,60.3,63.3,62.5,63.8,0.02,96
2017-05-25,55.3,53.2,51.4,55.3,0.15,100
2017-05-26,47.7,51.2,55.5,56.7,0.1,100
2017-05-27,57.5,62.8,65.6,66.3,0.0,81
2017-05-28,61.3,69.5,63.7,69.5,0.03,93
2017-05-29,51.0,51.2,50.0,51.9,0.08,100
2017-05-30,53.8,60.7,62.5,62.5,0.0,100
2017-05-31,55.9,58.6,66.0,66.8,0.21,98
2017-06-01,64.9,73.0,70.2,73.0,0.0,33
2017-06-02,60.8,64.8,65.8,66.0,0.09,34
2017-06-03,59.3,58.1,61.4,63.1,0.09,68
2017-06-04,60.9,69.1,67.9,69.1,0.02,79
2017-06-05,54.4,55.3,58.8,58.8,0.0,100
2017-06-06,48.7,48.0,47.0,48.7,0.48,100
2017-06-07,53.4,63.0,68.7,68.7,0.0,31
2017-06-08,65.7,73.6,75.1,75.4,0.0,93
2017-06-09,62.7,71.4,68.2,72.5,0.23,48
2017-06-10,71.0,78.0,77.7,80.4,0.0,31
2017-06-11,77.5,84.9,87.4,87.4,0.0,61
2017-06-12,80.1,88.1,90.9,90.9,0.0,4
2017-06-13,82.8,89.2,89.1,90.7,0.13,49
2017-06-14,70.8,76.7,78.5,78.5,0.0,44
2017-06-15,64.5,72.6,75.4,75.5,0.0,12
2017-06-16,64.5,72.5,67.6,73.1,0.04,99
2017-06-17,59.4,63.7,69.3,71.1,0.01,100
2017-06-18,71.3,76.9,80.2,80.2,0.02,97
2017-06-19,76.6,78.9,82.0,82.4,0.15,96
2017-06-20,72.4,78.4,79.8,79.8,0.02,28
2017-06-21,74.6,78.4,77.0,78.4,0.0,38
2017-06-22,70.9,77.8,80.4,80.4,0.0,37
2017-06-23,76.1,82.2,77.3,85.6,0.24,67
2017-06-24,72.4,76.0,83.3,83.3,0.22,46
2017-06-25,73.0,79.4,79.3,80.2,0.0,22
2017-06-26,68.2,75.0,74.4,75.0,0.0,55
2017-06-27,67.3,63.9,73.3,73.5,0.23,82
2017-06-28,65.0,71.5,73.2,74.1,0.01,25
2017-06-29,72.1,76.6,78.3,78.3,0.0,100
2017-06-30,71.2,72.3,83.3,83.3,0.1,95
2017-07-01,75.5,81.9,82.5,84.3,0.13,80
2017-07-02,77.0,83.6,86.1,86.5,0.0,12
2017-07-03,78.5,82.1,85.0,85.0,0.0,36
2017-07-04,75.2,81.3,80.9,82.9,0.0,45
2017-07-05,73.8,80.8,82.0,82.1,0.0,4
2017-07-06,73.4,81.2,84.4,84.4,0.0,55
2017-07-07,68.2,66.6,63.6,69.7,0.49,100
2017-07-08,71.8,80.7,80.0,82.8,0.11,70
2017-07-09,71.7,78.2,80.8,82.1,0.0,14
2017-07-10,75.7,82.7,83.8,84.6,0.0,57
2017-07-11,67.9,69.6,76.7,78.0,0.69,95
2017-07-12,77.1,81.9,82.6,83.1,0.33,53
2017-07-13,63.5,64.1,63.9,64.8,0.05,100
2017-07-14,61.3,63.3,65.4,66.2,0.02,100
2017-07-15,62.4,67.1,73.5,76.1,0.18,77
2017-07-16,74.8,82.4,85.9,86.0,0.0,40
2017-07-17,76.6,82.2,83.9,84.2,0.0,65
2017-07-18,71.3,75.7,80.2,82.0,0.03,70
2017-07-19,77.6,84.3,89.2,89.2,0.02,18
2017-07-20,81.1,87.1,88.1,88.7,0.0,75
2017-07-21,74.2,84.0,87.6,87.6,0.0,16
2017-07-22,76.6,81.9,86.1,86.7,0.0,99
2017-07-23,69.7,73.7,74.8,75.0,0.0,55
2017-07-24,58.3,58.3,56.4,63.3,1.51,100
2017-07-25,56.8,59.1,63.5,64.9,0.01,100
2017-07-26,68.1,76.6,78.3,78.3,0.0,38
2017-07-27,65.5,73.5,70.4,73.5,0.11,98
2017-07-28,71.3,77.5,79.3,80.4,0.01,89
2017-07-29,63.2,66.1,68.8,70.0,0.0,99
2017-07-30,67.9,75.7,79.6,79.6,0.0,2
2017-07-31,71.1,80.7,85.5,85.5,0.0,4
2017-08-01,77.1,84.1,82.2,85.0,0.0,28
2017-08-02,74.5,84.1,80.2,84.1,0.14,96
2017-08-03,71.9,80.9,83.8,83.8,0.01,51
2017-08-04,72.8,81.6,79.0,84.7,0.17,56
2017-08-05,72.6,68.8,68.9,73.4,0.34,97
2017-08-06,65.2,73.3,76.0,76.5,0.0,58
2017-08-07,69.7,74.5,71.4,74.5,0.0,100
2017-08-08,63.2,66.2,70.9,71.5,0.02,100
2017-08-09,69.9,79.3,81.3,82.5,0.0,17
2017-08-10,74.1,80.2,81.3,81.6,0.0,48
2017-08-11,73.0,80.9,81.7,82.3,0.0,73
2017-08-12,64.3,74.3,78.7,79.6,0.0,94
2017-08-13,74.9,81.5,82.6,83.2,0.04,16
2017-08-14,72.9,79.3,81.9,82.2,0.0,99
2017-08-15,68.2,73.0,75.5,75.7,0.02,99
2017-08-16,73.8,81.6,84.7,84.7,0.0,36
2017-08-17,68.9,77.4,82.3,82.5,0.0,72
2017-08-18,69.7,71.7,72.8,74.6,0.68,100
2017-08-19,67.1,77.9,85.6,85.6,0.01,72
2017-08-20,74.0,79.9,81.1,81.4,0.0,23
2017-08-21,74.5,83.7,85.6,85.6,0.0,76
2017-08-22,77.2,84.2,83.1,85.7,0.04,70
2017-08-23,73.1,79.2,81.0,81.2,0.0,76
2017-08-24,69.7,77.8,79.2,79.3,0.0,22
2017-08-25,65.1,72.4,75.4,75.4,0.01,65
2017-08-26,65.8,72.5,76.2,76.6,0.0,45
2017-08-27,64.3,74.1,72.7,74.8,0.0,38
2017-08-28,65.0,73.2,73.8,75.0,0.0,55
2017-08-29,60.9,68.3,68.6,68.6,0.0,100
2017-08-30,60.2,68.3,73.9,74.3,0.0,30
2017-08-31,68.6,78.7,75.2,80.0,0.0,42
2017-09-01,56.3,63.7,67.2,67.3,0.0,61
2017-09-02,59.2,68.3,74.0,74.5,0.0,63
2017-09-03,55.4,56.9,59.5,60.8,0.2,100
2017-09-04,64.0,73.0,79.4,82.0,0.0,57
2017-09-05,72.9,82.8,81.3,85.4,0.04,28
2017-09-06,69.2,69.9,63.4,70.6,0.74,100
2017-09-07,61.8,66.7,71.2,71.5,0.0,65
2017-09-08,61.9,69.1,69.9,70.2,0.01,23
2017-09-09,60.0,66.3,66.9,66.9,0.02,40
2017-09-10,60.9,68.0,69.4,69.4,0.0,33
2017-09-11,62.2,73.1,77.5,77.5,0.0,16
2017-09-12,66.8,79.3,83.5,83.5,0.0,2
2017-09-13,68.3,78.4,82.9,83.3,0.0,17
2017-09-14,72.7,80.2,79.7,82.5,0.03,86
2017-09-15,70.0,74.2,77.5,77.5,0.38,83
2017-09-16,67.5,71.7,77.8,78.8,0.04,61
2017-09-17,67.3,77.8,79.5,80.5,0.01,45
2017-09-18,67.0,72.9,69.7,72.9,0.01,93
2017-09-19,63.9,69.2,64.8,69.2,0.1,100
2017-09-20,66.0,67.1,68.7,69.0,0.05,100
2017-09-21,69.1,72.8,71.9,72.9,0.0,99
2017-09-22,60.8,63.7,65.6,65.6,0.08,99
2017-09-23,66.3,73.1,81.3,81.3,0.0,44
2017-09-24,73.8,84.8,87.5,87.8,0.0,0
2017-09-25,74.8,85.0,85.6,86.5,0.0,11
2017-09-26,71.2,82.2,86.1,86.1,0.0,94
2017-09-27,73.0,84.7,83.9,86.2,0.01,30
2017-09-28,72.7,74.7,74.4,75.5,0.0,20
2017-09-29,55.8,62.7,66.7,66.9,0.0,17
2017-09-30,52.9,51.6,52.5,53.2,0.73,100
2017-10-01,51.3,61.6,66.3,66.7,0.0,0
2017-10-02,55.8,66.7,69.0,69.3,0.0,3
2017-10-03,55.8,64.7,68.5,68.5,0.0,32
2017-10-04,57.8,71.7,77.6,77.6,0.0,13
2017-10-05,70.5,76.6,79.3,80.2,0.0,36
2017-10-06,64.4,72.0,67.3,72.0,0.0,81
2017-10-07,64.4,74.8,77.1,77.2,0.0,77
2017-10-08,73.7,70.0,72.1,73.7,0.34,98
2017-10-09,71.0,72.0,72.5,75.0,0.58,100
2017-10-10,69.4,75.7,77.7,77.8,0.0,32
2017-10-11,63.6,66.6,66.8,67.6,0.0,64
2017-10-12,52.2,57.5,57.9,58.4,0.0,8
2017-10-13,50.0,60.3,63.0,63.1,0.0,28
2017-10-14,58.8,63.5,67.7,68.6,0.06,86
2017-10-15,62.1,69.1,74.4,74.5,0.01,66
2017-10-16,59.6,55.0,55.9,59.6,0.0,98
2017-10-17,43.9,52.1,56.6,56.8,0.0,0
2017-10-18,54.7,65.6,69.9,69.9,0.0,6
2017-10-19,56.8,69.0,71.7,71.8,0.0,12
2017-10-20,59.1,65.4,68.0,68.0,0.0,3
2017-10-21,58.2,73.0,75.6,75.8,0.0,30
2017-10-22,57.4,71.8,71.3,73.4,0.0,81
2017-10-23,53.4,63.8,70.7,70.7,0.0,91
2017-10-24,68.2,71.5,71.5,72.1,0.02,98
2017-10-25,65.0,63.7,64.1,66.0,0.44,100
2017-10-26,58.9,54.9,53.7,58.9,0.9,100
2017-10-27,48.8,56.8,60.2,60.2,0.0,2
2017-10-28,50.8,63.3,64.3,65.4,0.0,41
2017-10-29,58.0,60.9,61.3,61.3,0.07,100
2017-10-30,59.6,52.2,53.5,60.6,0.03,58
2017-10-31,49.2,54.4,55.5,56.2,0.0,33
2018-05-01,50.1,56.4,58.9,64.5,0.0,85
2018-05-02,69.6,80.0,83.7,83.7,0.0,55
2018-05-03,72.3,83.9,79.1,83.9,0.0,92
2018-05-04,66.0,72.2,75.4,76.4,0.12,97
2018-05-05,58.5,65.5,70.0,70.0,0.0,83
2018-05-06,59.7,63.3,57.2,63.3,0.14,100
2018-05-07,58.5,66.6,60.0,66.6,0.0,74
2018-05-08,57.3,68.1,67.2,70.0,0.0,53
2018-05-09,61.7,70.5,68.8,70.9,0.0,24
2018-05-10,52.4,64.5,76.2,76.2,0.0,60
2018-05-11,59.5,61.6,64.0,64.3,0.0,63
2018-05-12,50.0,49.1,48.2,53.0,0.13,100
2018-05-13,47.2,53.3,60.7,60.7,0.0,74
2018-05-14,54.6,63.7,70.2,71.3,0.0,51
2018-05-15,68.4,77.0,83.9,83.9,0.26,69
2018-05-16,52.9,58.7,58.5,60.1,0.0,99
2018-05-17,58.6,66.4,70.4,71.7,0.0,100
2018-05-18,55.3,57.2,57.6,58.3,0.0,100
2018-05-19,53.1,52.0,50.3,54.9,0.17,100
2018-05-20,67.8,74.5,71.3,75.4,0.34,93
2018-05-21,60.9,69.2,73.0,73.5,0.0,25
2018-05-22,62.3,63.0,64.0,64.0,0.05,100
2018-05-23,64.6,72.3,78.9,78.9,0.0,29
2018-05-24,62.2,69.3,73.1,73.1,0.0,4
2018-05-25,71.2,80.3,82.6,82.6,0.0,41
2018-05-26,76.6,84.3,84.7,85.5,0.0,97
2018-05-27,54.1,53.6,54.1,54.5,0.06,100
2018-05-28,50.5,55.6,61.3,65.4,0.0,94
2018-05-29,71.5,81.0,83.9,83.9,0.0,9
2018-05-30,64.9,69.9,71.6,71.9,0.0,59
2018-05-31,67.6,77.1,78.4,78.9,0.0,20
2018-06-01,70.8,73.0,74.5,76.3,0.1,100
2018-06-02,77.4,74.5,74.4,77.4,0.24,88
2018-06-03,59.1,60.5,59.7,60.9,0.0,57
2018-06-04,50.7,51.4,51.4,52.1,0.31,100
2018-06-05,57.0,66.8,60.4,66.8,0.38,66
2018-06-06,54.7,60.1,65.1,65.8,0.03,87
2018-06-07,60.9,68.1,68.2,69.4,0.01,86
2018-06-08,67.1,73.1,74.5,74.5,0.01,58
2018-06-09,68.5,74.8,77.8,77.8,0.0,99
2018-06-10,65.6,71.2,73.2,73.3,0.0,75
2018-06-11,59.7,66.1,65.2,66.4,0.0,58
2018-06-12,64.8,74.8,78.4,78.4,0.0,68
2018-06-13,71.1,75.1,75.4,75.5,0.0,81
2018-06-14,70.8,75.4,75.9,76.9,0.0,88
2018-06-15,57.5,61.8,65.8,65.9,0.04,95
2018-06-16,70.7,80.4,83.0,83.0,0.0,94
2018-06-17,73.7,82.9,84.7,86.1,0.0,74
2018-06-18,79.3,90.1,94.0,94.0,0.0,98
2018-06-19,73.1,79.8,81.6,81.6,0.0,22
2018-06-20,70.7,79.3,79.4,81.1,0.0,77
2018-06-21,72.5,79.9,77.8,81.1,0.01,41
2018-06-22,64.8,73.7,73.6,74.5,0.0,73
2018-06-23,61.5,67.9,63.7,68.5,0.03,93
2018-06-24,63.9,73.4,80.2,80.9,0.1,91
2018-06-25,67.6,69.5,67.4,73.0,0.1,37
2018-06-26,64.0,71.9,75.7,77.6,0.0,6
2018-06-27,67.8,75.0,78.2,78.2,0.0,100
2018-06-28,68.4,69.0,72.7,72.9,0.84,99
2018-06-29,74.3,80.3,84.0,84.8,0.01,36
2018-06-30,75.7,86.0,90.2,90.2,0.0,44
2018-07-01,82.5,90.6,90.2,90.7,0.0,35
2018-07-02,77.3,84.5,81.1,85.1,0.0,11
2018-07-03,82.0,91.3,91.1,94.6,0.01,37
2018-07-04,79.2,88.8,89.8,90.0,0.0,10
2018-07-05,83.8,90.1,94.0,94.0,0.0,26
2018-07-06,78.9,76.9,77.1,80.0,0.19,99
2018-07-07,65.5,72.3,76.8,77.6,0.0,0
2018-07-08,72.3,79.2,83.1,83.1,0.0,34
2018-07-09,75.3,85.6,90.1,90.4,0.0,18
2018-07-10,78.9,88.5,92.8,93.1,0.0,7
2018-07-11,71.1,75.6,78.2,78.2,0.0,26
2018-07-12,69.8,77.7,76.9,79.8,0.0,20
2018-07-13,71.5,80.3,81.0,81.4,0.0,32
2018-07-14,70.8,78.2,74.0,79.8,0.0,92
2018-07-15,73.0,80.2,78.8,82.0,0.12,72
2018-07-16,75.1,86.0,82.1,86.8,0.04,71
2018-07-17,83.9,86.5,75.2,87.1,0.99,86
2018-07-18,69.6,76.9,81.1,81.1,0.0,18
2018-07-19,68.7,75.3,79.8,80.7,0.0,0
2018-07-20,72.2,81.1,81.5,83.2,0.0,0
2018-07-21,69.4,74.3,74.5,75.0,0.0,66
2018-07-22,68.8,72.3,71.1,72.3,0.75,100
2018-07-23,74.2,73.9,75.5,81.2,0.24,99
2018-07-24,74.5,81.0,82.0,82.1,0.03,40
2018-07-25,76.5,78.1,75.3,78.1,0.15,90
2018-07-26,72.0,74.0,76.0,78.6,0.12,90
2018-07-27,76.2,84.2,85.7,85.7,0.0,26
2018-07-28,75.0,80.2,75.2,81.4,0.13,82
2018-07-29,72.6,78.4,79.6,79.7,0.0,85
2018-07-30,72.5,79.4,80.2,80.2,0.0,97
2018-07-31,73.8,80.6,83.2,83.9,0.0,90
2018-08-01,72.0,78.6,77.0,79.4,0.26,98
2018-08-02,80.0,86.0,88.5,88.5,0.01,43
2018-08-03,76.5,82.9,79.3,85.2,0.15,65
2018-08-04,73.9,70.8,74.9,75.5,0.72,91
2018-08-05,75.3,84.7,86.7,86.7,0.0,25
2018-08-06,80.2,88.8,92.2,92.2,0.0,27
2018-08-07,82.7,89.9,91.1,91.1,0.0,33
2018-08-08,76.6,83.9,79.4,85.6,0.33,88
2018-08-09,75.3,83.1,85.9,86.0,0.04,42
2018-08-10,77.4,83.5,83.4,83.5,0.03,41
2018-08-11,71.2,68.7,70.9,71.2,0.84,100
2018-08-12,71.4,77.6,73.3,77.6,0.21,83
2018-08-13,68.5,71.9,71.9,72.4,0.11,100
2018-08-14,74.0,75.1,78.8,78.8,0.19,93
2018-08-15,71.4,78.5,82.8,82.8,0.04,59
2018-08-16,78.6,83.6,85.2,85.6,0.0,17
2018-08-17,73.5,82.2,77.6,83.6,0.13,77
2018-08-18,74.1,81.5,76.0,81.5,0.25,98
2018-08-19,67.1,72.8,72.2,73.5,0.0,73
2018-08-20,66.8,73.7,73.0,74.3,0.02,83
2018-08-21,65.5,69.4,71.8,71.8,0.02,96
2018-08-22,65.8,74.0,78.6,79.0,0.1,71
2018-08-23,65.0,69.0,75.3,75.3,0.0,42
2018-08-24,69.3,79.1,81.9,82.1,0.0,3
2018-08-25,70.6,79.3,80.6,80.6,0.0,78
2018-08-26,69.7,78.2,83.8,83.8,0.0,33
2018-08-27,77.0,84.2,87.2,87.2,0.0,50
2018-08-28,82.9,91.0,92.9,92.9,0.0,85
2018-08-29,84.6,92.5,93.7,94.1,0.0,26
2018-08-30,79.4,82.4,86.5,87.1,0.02,33
2018-08-31,66.6,71.4,71.6,72.1,0.0,93
2018-09-01,66.7,74.0,76.1,76.7,0.0,40
2018-09-02,70.2,81.0,87.4,87.4,0.0,56
2018-09-03,78.6,89.1,92.5,92.5,0.0,19
2018-09-04,81.3,88.3,85.1,88.6,0.0,81
2018-09-05,75.9,87.1,93.2,93.2,0.0,54
2018-09-06,81.5,92.1,88.9,93.7,0.07,38
2018-09-07,65.8,72.2,70.8,72.9,0.0,93
2018-09-08,66.2,69.8,71.4,71.4,0.0,100
2018-09-09,56.4,62.9,63.3,63.3,0.0,100
2018-09-10,61.3,64.3,63.1,64.4,0.14,100
2018-09-11,62.2,69.0,75.3,76.0,0.19,93
2018-09-12,68.6,68.5,68.6,70.1,0.38,100
2018-09-13,65.3,69.3,70.2,70.2,0.02,100
2018-09-14,65.8,72.3,75.6,75.6,0.02,82
2018-09-15,68.4,72.4,77.0,77.0,0.02,63
2018-09-16,70.3,80.4,82.3,82.3,0.0,31
2018-09-17,71.1,79.3,80.5,81.1,0.0,82
2018-09-18,72.3,68.8,68.1,74.3,1.16,100
2018-09-19,62.5,63.9,65.0,65.2,0.02,100
2018-09-20,60.7,65.1,63.7,65.3,0.0,97
2018-09-21,60.8,67.1,67.6,70.2,0.0,75
2018-09-22,66.7,67.2,66.5,67.6,0.0,85
2018-09-23,53.3,62.9,65.7,65.7,0.0,99
2018-09-24,53.0,56.8,56.8,57.9,0.0,98
2018-09-25,56.2,57.0,59.3,60.4,0.8,100
2018-09-26,72.2,74.4,79.0,79.0,0.05,81
2018-09-27,61.3,66.2,67.6,67.8,0.0,85
2018-09-28,54.6,57.0,56.8,59.1,0.38,93
2018-09-29,59.9,67.9,71.1,71.1,0.0,36
2018-09-30,55.7,63.2,65.9,65.9,0.0,42
2018-10-01,61.2,61.2,60.8,62.5,0.04,98
2018-10-02,54.1,57.8,60.5,62.4,0.09,100
2018-10-03,54.1,57.7,67.1,67.1,0.0,85
2018-10-04,60.6,69.6,72.9,72.9,0.03,96
2018-10-05,53.9,58.9,61.2,61.2,0.0,26
2018-10-06,54.3,61.3,64.7,64.7,0.0,87
2018-10-07,67.6,75.6,72.8,75.6,0.14,92
2018-10-08,53.7,56.3,56.2,56.3,0.0,100
2018-10-09,66.2,73.6,77.0,77.0,0.0,87
2018-10-10,73.0,79.3,81.1,81.1,0.0,27
2018-10-11,68.1,72.4,72.2,72.4,0.48,99
2018-10-12,57.0,55.1,61.7,61.7,0.12,51
2018-10-13,47.3,45.9,48.3,50.2,0.18,85
2018-10-14,46.6,54.4,57.4,57.4,0.0,50
2018-10-15,49.8,54.1,61.3,62.5,0.02,100
2018-10-16,46.7,52.5,55.0,55.0,0.0,0
2018-10-17,47.2,56.4,58.0,58.5,0.01,49
2018-10-18,37.1,41.7,43.2,43.3,0.0,14
2018-10-19,41.8,52.5,58.1,58.1,0.0,8
2018-10-20,54.8,59.9,61.3,61.7,0.02,72
2018-10-21,42.8,44.8,42.6,45.4,0.04,91
2018-10-22,37.8,46.5,47.8,49.5,0.0,54
2018-10-23,43.8,54.2,52.3,54.2,0.19,74
2018-10-24,44.0,44.2,43.8,46.6,0.08,84
2018-10-25,41.5,45.6,44.7,45.8,0.0,49
2018-10-26,34.3,41.6,45.6,45.6,0.0,10
2018-10-27,42.0,44.6,47.5,47.5,0.89,99
2018-10-28,38.3,46.4,51.5,51.5,0.01,99
2018-10-29,46.5,51.4,51.3,54.0,0.24,67
2018-10-30,41.8,44.8,46.2,46.2,0.0,67
2018-10-31,37.5,47.7,54.7,54.7,0.0,37
2019-05-01,46.6,52.8,55.7,57.3,0.0,97
2019-05-02,46.0,48.7,50.1,50.1,0.11,100
2019-05-03,46.0,53.4,61.1,63.5,0.06,100
2019-05-04,51.4,55.8,58.0,58.0,0.02,100
2019-05-05,49.0,51.6,51.3,52.0,0.17,100
2019-05-06,50.5,57.9,62.2,62.2,0.0,90
2019-05-07,57.5,67.2,71.0,71.0,0.02,57
2019-05-08,54.7,63.6,65.4,65.4,0.0,28
2019-05-09,50.8,56.3,58.1,58.6,0.0,81
2019-05-10,49.9,55.9,56.0,62.7,0.02,100
2019-05-11,56.1,60.9,62.6,62.6,0.0,45
2019-05-12,44.0,44.2,46.0,46.0,0.24,100
2019-05-13,48.1,53.1,48.7,53.1,0.0,100
2019-05-14,40.0,41.8,43.8,43.9,0.0,100
2019-05-15,48.5,52.6,54.7,54.7,0.02,97
2019-05-16,56.8,62.2,63.9,63.9,0.01,29
2019-05-17,50.8,55.5,68.2,68.2,0.3,92
2019-05-18,56.9,64.5,68.4,68.6,0.0,43
2019-05-19,60.0,60.4,71.4,71.4,0.06,86
2019-05-20,68.4,74.6,78.8,78.8,0.19,76
2019-05-21,57.7,61.6,63.6,63.6,0.0,46
2019-05-22,56.0,62.3,66.0,66.2,0.0,22
2019-05-23,57.5,64.0,68.9,68.9,0.01,94
2019-05-24,64.8,68.6,66.2,68.6,0.0,91
2019-05-25,61.6,68.9,71.4,72.1,0.0,90
2019-05-26,66.4,78.0,80.5,80.5,0.0,28
2019-05-27,68.2,73.0,76.2,76.2,0.0,48
2019-05-28,56.0,54.9,49.9,57.1,0.16,97
2019-05-29,47.8,53.8,58.5,59.2,0.0,99
2019-05-30,53.7,61.4,65.6,65.6,0.0,100
2019-05-31,67.6,71.5,68.3,71.5,0.09,38
2019-06-01,62.6,70.6,73.1,73.1,0.0,95
2019-06-02,57.2,70.3,75.4,75.4,0.01,87
2019-06-03,59.4,64.8,65.8,66.0,0.0,18
2019-06-04,57.9,64.4,64.2,64.8,0.0,77
2019-06-05,68.2,76.4,78.9,79.3,0.0,76
2019-06-06,71.1,73.0,75.7,75.7,0.1,41
2019-06-07,67.0,75.6,79.0,79.0,0.0,51
2019-06-08,66.2,73.5,75.4,75.4,0.0,0
2019-06-09,65.3,74.1,77.8,77.8,0.0,0
2019-06-10,65.6,74.8,77.5,77.5,0.0,99
2019-06-11,67.5,64.3,73.4,73.7,0.39,77
2019-06-12,65.6,71.9,74.2,74.2,0.0,61
2019-06-13,55.5,53.1,53.4,56.7,0.42,100
2019-06-14,60.9,69.6,69.4,70.6,0.0,44
2019-06-15,68.5,76.1,77.8,77.8,0.0,54
2019-06-16,65.8,66.3,69.4,69.9,0.29,100
2019-06-17,66.7,74.7,76.7,77.9,0.0,69
2019-06-18,68.2,69.5,68.2,70.0,0.37,100
2019-06-19,66.3,71.5,74.8,75.2,0.02,93
2019-06-20,64.0,68.2,69.4,70.0,0.92,100
2019-06-21,61.7,65.1,69.9,69.9,0.12,99
2019-06-22,69.4,76.0,68.1,76.0,0.1,35
2019-06-23,70.7,78.1,80.9,80.9,0.0,15
2019-06-24,72.6,80.7,84.1,84.1,0.0,92
2019-06-25,67.6,69.7,69.2,69.9,0.22,100
2019-06-26,71.0,75.2,80.5,80.5,0.0,51
2019-06-27,70.8,79.9,82.7,82.8,0.0,31
2019-06-28,74.8,83.1,87.4,87.4,0.0,62
2019-06-29,70.6,79.9,75.3,81.8,0.39,84
2019-06-30,71.2,71.0,68.3,73.3,0.19,84
2019-07-01,70.7,76.6,79.2,79.2,0.02,39
2019-07-02,73.0,75.7,83.8,84.0,0.0,58
2019-07-03,77.5,85.0,87.4,87.5,0.0,39
2019-07-04,77.4,85.7,87.1,87.1,0.0,96
2019-07-05,79.3,87.4,89.7,89.7,0.0,75
2019-07-06,82.0,87.5,85.9,91.8,0.2,51
2019-07-07,68.6,75.6,79.3,79.4,0.0,57
2019-07-08,70.3,77.4,81.1,81.1,0.0,60
2019-07-09,76.8,84.8,89.0,89.6,0.0,56
2019-07-10,79.8,87.6,91.0,91.0,0.0,92
2019-07-11,77.5,83.8,79.3,84.7,0.05,88
2019-07-12,72.8,81.3,84.6,84.6,0.1,57
2019-07-13,74.8,82.1,85.6,86.1,0.0,36
2019-07-14,79.9,85.4,86.4,86.4,0.0,29
2019-07-15,72.3,79.5,83.9,84.2,0.0,30
2019-07-16,76.4,84.2,90.0,90.0,0.0,80
2019-07-17,75.5,87.4,85.8,89.3,0.16,90
2019-07-18,67.6,72.5,71.4,72.5,0.0,92
2019-07-19,73.0,84.3,90.4,91.9,0.0,53
2019-07-20,86.2,92.9,95.3,95.6,0.0,46
2019-07-21,87.4,91.2,95.2,95.5,0.0,32
2019-07-22,79.2,80.9,76.6,82.6,0.23,94
2019-07-23,62.3,62.4,70.2,72.1,0.68,92
2019-07-24,70.5,75.7,75.8,76.6,0.01,46
2019-07-25,70.8,76.4,78.3,78.4,0.0,27
2019-07-26,73.7,81.0,83.2,83.2,0.0,27
2019-07-27,73.3,80.2,76.7,81.6,0.05,46
2019-07-28,77.5,86.5,89.3,89.3,0.0,19
2019-07-29,80.5,87.8,88.9,89.6,0.0,26
2019-07-30,82.9,92.1,93.3,93.3,0.02,53
2019-07-31,82.9,91.4,84.1,91.6,0.04,69
2019-08-01,76.5,84.3,87.6,87.6,0.0,61
2019-08-02,73.7,82.3,87.0,87.0,0.0,0
2019-08-03,76.8,78.7,85.6,85.6,0.0,82
2019-08-04,76.5,81.4,82.7,83.5,0.01,49
2019-08-05,70.0,78.7,84.7,85.4,0.0,37
2019-08-06,74.7,82.1,77.5,82.8,0.0,92
2019-08-07,76.6,81.1,74.4,81.1,0.34,98
2019-08-08,71.6,79.3,83.8,83.9,0.02,37
2019-08-09,74.4,81.1,82.2,82.6,0.0,14
2019-08-10,70.6,75.4,76.9,76.9,0.0,31
2019-08-11,68.4,76.3,78.6,78.6,0.0,50
2019-08-12,73.0,82.5,85.6,85.6,0.0,29
2019-08-13,78.6,77.9,76.6,80.6,0.08,94
2019-08-14,68.2,76.1,80.8,81.0,0.0,48
2019-08-15,70.3,78.5,78.4,79.8,0.0,24
2019-08-16,69.7,79.1,77.9,79.4,0.0,44
2019-08-17,68.3,74.4,79.1,79.4,0.04,90
2019-08-18,73.2,80.0,86.5,87.0,0.0,91
2019-08-19,79.0,88.3,92.8,92.8,0.08,49
2019-08-20,75.1,84.3,88.3,88.3,0.0,1
2019-08-21,75.9,85.0,79.3,85.2,0.06,95
2019-08-22,78.0,77.9,85.5,85.5,0.21,69
2019-08-23,68.4,75.8,76.6,76.8,0.0,97
2019-08-24,64.9,73.8,74.3,75.1,0.0,37
2019-08-25,64.6,68.5,70.1,70.1,0.0,59
2019-08-26,62.4,71.7,73.3,73.4,0.0,7
2019-08-27,64.8,74.6,79.4,79.4,0.0,89
2019-08-28,65.9,79.1,71.1,79.1,0.24,80
2019-08-29,68.4,78.8,83.6,83.6,0.0,7
2019-08-30,71.4,80.8,84.7,84.7,0.0,23
2019-08-31,70.6,75.9,78.0,78.0,0.0,76
2019-09-01,65.6,73.2,71.2,73.2,0.0,92
2019-09-02,65.8,71.5,74.2,74.2,0.04,99
2019-09-03,66.0,74.8,78.9,78.9,0.0,39
2019-09-04,69.1,79.8,82.9,83.7,0.03,81
2019-09-05,62.2,69.2,72.3,72.3,0.0,92
2019-09-06,62.7,67.5,67.3,68.6,0.0,100
2019-09-07,57.1,64.9,69.4,70.5,0.0,92
2019-09-08,64.7,71.9,75.0,75.1,0.0,66
2019-09-09,63.1,71.4,69.7,72.3,0.0,70
2019-09-10,61.5,68.8,70.9,72.6,0.01,100
2019-09-11,72.2,75.3,83.9,86.5,0.0,85
2019-09-12,64.5,58.4,58.3,65.1,0.22,90
2019-09-13,59.6,65.2,64.9,65.9,0.0,16
2019-09-14,59.5,68.3,71.2,73.3,0.11,82
2019-09-15,66.3,74.4,76.7,76.8,0.0,1
2019-09-16,62.5,68.8,72.1,72.1,0.0,12
2019-09-17,61.2,68.2,68.1,69.0,0.0,57
2019-09-18,54.8,60.8,62.1,62.3,0.0,19
2019-09-19,54.5,64.8,70.1,70.4,0.0,0
2019-09-20,60.1,74.4,79.5,79.6,0.0,10
2019-09-21,69.8,80.9,84.7,84.7,0.0,0
2019-09-22,69.3,82.9,86.5,86.5,0.0,38
2019-09-23,76.3,87.0,89.7,90.1,0.0,74
2019-09-24,69.4,75.6,76.2,76.2,0.0,25
2019-09-25,61.3,68.6,73.2,73.3,0.0,24
2019-09-26,67.1,79.1,80.5,81.0,0.17,46
2019-09-27,58.9,69.0,73.5,73.7,0.0,0
2019-09-28,64.9,75.7,79.3,79.3,0.0,6
2019-09-29,66.6,70.8,73.1,73.1,0.0,50
2019-09-30,52.7,60.0,62.6,62.6,0.0,36
2019-10-01,57.9,66.5,73.9,74.1,0.03,100
2019-10-02,74.8,73.7,68.9,77.3,0.14,93
2019-10-03,48.2,51.9,51.6,51.9,0.0,96
2019-10-04,55.0,57.7,58.6,58.6,0.0,53
2019-10-05,45.1,54.2,58.1,58.1,0.0,0
2019-10-06,53.0,63.0,63.0,64.0,0.0,88
2019-10-07,68.9,74.9,73.7,74.9,0.0,87
2019-10-08,56.6,61.8,64.2,64.2,0.01,100
2019-10-09,54.2,56.6,53.4,56.8,0.15,100
2019-10-10,49.3,51.1,54.4,54.5,0.05,100
2019-10-11,50.4,56.1,53.0,56.1,0.07,100
2019-10-12,51.4,54.5,56.8,57.4,0.0,100
2019-10-13,56.7,62.3,65.5,65.5,0.0,95
2019-10-14,55.0,65.4,66.6,67.1,0.0,42
2019-10-15,50.7,57.8,60.3,60.3,0.0,8
2019-10-16,49.4,60.7,61.2,62.1,0.0,89
2019-10-17,47.3,50.2,49.9,50.3,0.09,82
2019-10-18,51.4,54.4,55.1,55.3,0.0,64
2019-10-19,45.0,52.7,57.4,57.4,0.0,0
2019-10-20,45.2,56.6,59.3,59.9,0.0,98
2019-10-21,50.3,60.3,62.0,63.1,0.0,18
2019-10-22,50.5,58.8,55.8,58.8,0.0,98
2019-10-23,53.5,63.2,64.0,65.1,0.09,22
2019-10-24,49.6,61.4,64.1,64.1,0.0,0
2019-10-25,52.3,60.4,61.5,62.3,0.0,92
2019-10-26,49.6,55.8,57.6,57.6,0.0,71
2019-10-27,49.7,47.8,47.7,49.7,0.97,100
2019-10-28,48.2,52.6,55.0,55.0,0.0,100
2019-10-29,51.1,54.1,57.0,57.5,0.0,100
2019-10-30,54.9,61.0,63.2,63.2,0.03,100
2019-10-31,60.5,66.5,66.2,66.5,0.32,100
2020-05-01,52.6,55.2,58.6,59.7,0.35,100
2020-05-02,51.7,61.3,65.8,65.8,0.0,37
2020-05-03,61.0,68.9,72.4,73.6,0.0,36
2020-05-04,62.5,65.9,60.6,65.9,0.01,27
2020-05-05,45.9,51.6,54.1,54.1,0.0,84
2020-05-06,48.4,54.4,54.6,55.3,0.0,82
2020-05-07,51.3,58.6,59.3,59.7,0.0,45
2020-05-08,48.3,53.9,56.5,56.5,0.04,91
2020-05-09,35.6,43.0,43.3,43.9,0.03,61
2020-05-10,42.3,50.1,52.7,56.5,0.0,88
2020-05-11,54.5,58.1,52.1,61.9,0.29,73
2020-05-12,47.5,51.8,54.5,54.5,0.0,65
2020-05-13,45.8,52.8,55.2,55.7,0.0,49
2020-05-14,53.3,61.7,64.9,65.2,0.0,18
2020-05-15,57.3,71.5,75.6,75.6,0.0,79
2020-05-16,61.9,65.8,69.9,70.0,0.0,53
2020-05-17,56.8,62.1,65.6,65.6,0.0,90
2020-05-18,56.3,58.8,66.2,66.2,0.0,99
2020-05-19,55.1,59.4,58.6,59.5,0.0,87
2020-05-20,54.8,61.2,62.1,62.1,0.0,0
2020-05-21,57.1,69.0,73.9,73.9,0.0,76
2020-05-22,67.1,76.7,80.8,81.2,0.0,0
2020-05-23,67.5,65.8,57.7,67.9,0.0,95
2020-05-24,55.0,63.0,60.4,63.5,0.0,78
2020-05-25,53.2,65.8,66.7,67.7,0.0,76
2020-05-26,68.1,78.0,81.3,82.6,0.0,73
2020-05-27,71.7,83.0,86.4,86.4,0.0,0
2020-05-28,71.2,75.4,80.1,80.9,0.0,91
2020-05-29,73.0,80.2,81.2,83.0,0.0,83
2020-05-30,73.6,79.3,83.0,83.0,0.0,45
2020-05-31,59.0,64.0,67.5,67.5,0.0,10
2020-06-01,54.2,59.7,59.9,60.5,0.0,75
2020-06-02,57.2,67.5,70.5,71.4,0.0,77
2020-06-03,68.2,80.0,78.7,83.4,0.0,93
2020-06-04,75.6,85.1,87.3,87.7,0.0,47
2020-06-05,69.1,72.6,80.3,81.9,0.15,84
2020-06-06,72.6,84.9,76.6,87.4,0.08,53
2020-06-07,63.1,66.0,67.8,69.4,0.01,98
2020-06-08,68.0,74.5,78.3,78.3,0.0,20
2020-06-09,64.9,72.6,77.5,79.0,0.0,79
2020-06-10,69.1,69.3,71.6,71.7,0.0,89
2020-06-11,73.0,74.0,78.0,78.0,0.09,98
2020-06-12,70.9,77.7,82.9,85.3,0.0,25
2020-06-13,62.9,69.8,74.4,74.9,0.0,31
2020-06-14,62.0,69.1,67.8,69.4,0.0,75
2020-06-15,62.2,70.4,69.1,70.4,0.0,71
2020-06-16,68.9,74.8,75.2,75.7,0.0,0
2020-06-17,68.0,78.1,82.4,82.4,0.0,0
2020-06-18,74.2,84.6,89.1,89.1,0.0,39
2020-06-19,77.6,85.4,88.3,88.3,0.0,31
2020-06-20,81.7,89.4,93.2,93.2,0.0,41
2020-06-21,82.2,87.6,91.1,91.1,0.01,44
2020-06-22,70.2,80.8,81.6,81.6,0.0,75
2020-06-23,78.9,87.4,90.6,90.6,0.0,57
2020-06-24,78.6,86.6,79.0,88.6,0.17,75
2020-06-25,75.2,81.4,83.8,85.6,0.0,83
2020-06-26,77.1,84.0,81.8,84.7,0.0,36
2020-06-27,78.9,84.2,78.3,84.2,0.03,100
2020-06-28,75.8,83.5,74.7,83.6,0.4,81
2020-06-29,68.8,69.1,68.6,72.2,0.54,94
2020-06-30,66.8,72.5,68.9,73.6,0.52,90
2020-07-01,67.6,69.8,74.0,74.0,0.31,92
2020-07-02,70.5,80.1,84.4,84.5,0.0,16
2020-07-03,70.3,70.6,72.2,72.4,0.02,99
2020-07-04,66.0,75.5,79.8,79.8,0.0,57
2020-07-05,72.0,77.9,82.9,83.8,0.12,46
2020-07-06,70.9,76.6,74.7,76.6,0.05,40
2020-07-07,67.3,75.3,80.2,80.2,0.0,92
2020-07-08,76.6,82.9,83.0,83.0,0.03,74
2020-07-09,79.7,85.4,88.5,88.5,0.03,69
2020-07-10,76.6,83.5,79.1,83.5,0.13,100
2020-07-11,75.9,84.7,87.0,87.1,0.01,48
2020-07-12,78.5,85.4,87.7,87.9,0.0,45
2020-07-13,73.2,79.9,74.1,83.9,0.47,58
2020-07-14,69.4,76.9,72.2,79.3,0.53,63
2020-07-15,64.3,68.4,69.4,70.1,0.06,82
2020-07-16,67.5,72.3,72.0,72.9,0.0,60
2020-07-17,61.3,70.3,73.8,75.6,0.11,99
2020-07-18,77.0,86.4,89.6,89.6,0.0,13
2020-07-19,81.7,92.1,94.5,94.6,0.0,36
2020-07-20,82.0,88.5,92.8,94.0,0.0,83
2020-07-21,80.9,88.2,91.7,91.7,0.0,44
2020-07-22,72.4,78.0,85.2,85.2,0.09,69
2020-07-23,76.1,87.8,77.3,88.0,0.26,80
2020-07-24,72.6,80.4,84.7,84.7,0.0,98
2020-07-25,78.4,85.6,88.3,88.6,0.0,96
2020-07-26,80.7,88.5,91.9,92.1,0.0,43
2020-07-27,85.3,93.4,96.9,96.9,0.0,24
2020-07-28,86.5,91.6,88.9,92.4,0.02,38
2020-07-29,80.2,89.6,91.2,91.2,0.0,60
2020-07-30,79.4,87.1,89.3,89.3,0.01,61
2020-07-31,76.0,85.1,82.8,85.6,0.01,41
2020-08-01,77.3,84.8,90.2,90.2,0.0,33
2020-08-02,79.1,86.7,86.9,87.3,0.0,98
2020-08-03,84.4,90.1,92.2,92.2,0.0,24
2020-08-04,76.0,81.4,84.1,84.1,0.3,97
2020-08-05,78.8,86.2,88.9,88.9,0.0,16
2020-08-06,74.6,81.9,84.2,84.2,0.0,68
2020-08-07,72.7,78.4,77.4,80.1,0.0,89
2020-08-08,72.7,81.4,87.8,87.8,0.0,34
2020-08-09,78.7,85.2,89.3,90.1,0.01,57
2020-08-10,80.8,90.6,91.9,92.8,0.0,36
2020-08-11,83.8,86.6,90.4,91.7,0.04,67
2020-08-12,82.6,90.8,93.1,93.5,0.0,55
2020-08-13,80.5,87.5,88.5,90.2,0.0,95
2020-08-14,77.7,86.5,85.0,87.5,0.0,92
2020-08-15,69.5,70.3,73.9,74.1,0.03,94
2020-08-16,66.8,70.8,68.5,70.8,0.13,100
2020-08-17,65.1,72.3,77.1,77.1,0.0,69
2020-08-18,70.0,79.9,83.8,83.8,0.0,12
2020-08-19,70.3,77.6,78.5,78.9,0.0,79
2020-08-20,67.8,75.7,79.2,79.4,0.0,2
2020-08-21,73.0,84.7,88.5,88.6,0.0,19
2020-08-22,74.8,84.8,82.8,84.8,0.37,50
2020-08-23,70.1,86.4,90.2,91.7,0.22,41
2020-08-24,76.5,86.8,89.2,90.8,0.32,26
2020-08-25,80.2,86.3,89.4,90.1,0.0,69
2020-08-26,63.1,68.9,75.4,75.6,0.0,44
2020-08-27,63.7,68.5,65.8,72.5,0.73,92
2020-08-28,65.2,74.4,79.1,79.3,0.0,58
2020-08-29,67.3,71.0,73.3,74.7,0.62,100
2020-08-30,68.9,72.1,72.9,73.1,0.0,17
2020-08-31,64.4,72.3,73.7,73.7,0.0,77
2020-09-01,66.1,74.5,75.3,76.3,0.0,97
2020-09-02,65.8,66.8,66.2,67.3,0.55,100
2020-09-03,73.1,73.8,79.5,81.5,0.03,67
2020-09-04,75.1,81.9,82.0,82.5,0.0,24
2020-09-05,65.4,72.9,76.8,76.8,0.0,3
2020-09-06,66.1,75.9,79.0,79.0,0.0,59
2020-09-07,69.6,78.7,80.2,80.4,0.0,6
2020-09-08,69.1,79.9,86.2,86.2,0.0,73
2020-09-09,69.3,80.9,85.9,85.9,0.0,97
2020-09-10,74.4,74.3,72.5,76.1,0.5,100
2020-09-11,62.5,63.9,66.7,68.1,0.03,84
2020-09-12,59.9,66.7,67.1,67.4,0.0,55
2020-09-13,60.8,71.0,74.3,74.3,0.0,42
2020-09-14,68.7,73.4,74.6,74.6,0.0,28
2020-09-15,54.5,63.4,68.2,68.5,0.0,0
2020-09-16,60.2,70.2,74.2,74.2,0.0,2
2020-09-17,64.9,74.1,77.9,77.9,0.0,93
2020-09-18,58.1,60.1,59.5,60.4,0.0,95
2020-09-19,51.1,58.9,61.6,61.6,0.0,0
2020-09-20,50.2,58.1,59.7,59.8,0.0,45
2020-09-21,50.5,61.1,62.8,62.8,0.0,0
2020-09-22,51.7,63.6,67.0,67.0,0.0,100
2020-09-23,61.7,73.0,77.3,77.6,0.0,24
2020-09-24,66.5,77.0,79.2,79.3,0.0,99
2020-09-25,64.4,76.3,77.8,79.2,0.0,21
2020-09-26,60.0,73.6,80.8,80.8,0.0,43
2020-09-27,66.5,72.9,79.5,79.5,0.02,88
2020-09-28,71.2,78.4,81.3,81.3,0.0,95
2020-09-29,67.2,77.7,75.7,79.6,0.06,54
2020-09-30,68.6,67.9,70.0,70.1,0.13,48
2020-10-01,63.4,72.5,75.2,75.2,0.0,22
2020-10-02,58.8,60.5,59.5,60.7,0.05,84
2020-10-03,53.9,64.0,65.4,65.4,0.0,38
2020-10-04,51.9,62.9,65.7,65.7,0.0,31
2020-10-05,51.7,57.5,60.2,61.0,0.06,72
2020-10-06,56.4,64.4,68.0,68.0,0.0,81
2020-10-07,60.7,71.2,69.7,74.1,0.05,48
2020-10-08,51.9,57.1,59.5,59.5,0.0,1
2020-10-09,46.0,54.4,59.0,59.0,0.0,0
2020-10-10,60.9,72.1,76.2,76.2,0.0,10
2020-10-11,53.2,60.4,61.9,63.1,0.0,62
2020-10-12,49.6,53.0,52.0,53.6,0.01,100
2020-10-13,51.3,54.5,56.9,57.6,1.17,100
2020-10-14,54.3,63.9,67.6,67.6,0.0,0
2020-10-15,55.1,69.5,70.8,71.5,0.0,39
2020-10-16,64.5,64.8,55.8,67.6,0.32,99
2020-10-17,41.9,53.2,56.6,56.6,0.11,31
2020-10-18,44.7,57.7,58.8,59.3,0.0,80
2020-10-19,48.7,59.8,61.8,62.3,0.0,72
2020-10-20,54.1,61.1,67.7,67.7,0.0,100
2020-10-21,56.6,60.3,70.3,71.1,0.01,87
2020-10-22,61.9,68.9,70.1,71.5,0.0,28
2020-10-23,57.5,62.1,67.1,67.1,0.0,97
2020-10-24,58.4,66.3,66.5,68.5,0.0,100
2020-10-25,43.1,49.6,50.7,50.7,0.0,97
2020-10-26,45.2,52.0,54.5,55.2,0.02,100
2020-10-27,48.7,48.1,52.8,52.8,0.0,88
2020-10-28,42.3,45.6,47.8,47.8,0.22,100
2020-10-29,44.8,46.5,45.8,47.1,0.5,100
2020-10-30,31.3,31.6,32.1,32.5,0.41,91
2020-10-31,30.0,41.5,44.8,44.8,0.0,0
2021-05-01,46.8,55.9,59.6,59.6,0.0,15
2021-05-02,58.7,69.9,72.9,73.7,0.02,81
2021-05-03,59.3,66.7,63.8,67.1,0.0,99
2021-05-04,45.6,49.6,56.3,56.8,0.12,88
2021-05-05,46.7,49.7,51.8,52.2,0.18,100
2021-05-06,52.9,57.5,60.4,60.6,0.0,47
2021-05-07,53.9,57.8,52.7,57.8,0.0,65
2021-05-08,48.8,52.1,53.8,53.8,0.03,99
2021-05-09,54.5,60.9,63.5,63.5,0.0,76
2021-05-10,49.5,54.1,57.0,57.4,0.0,92
2021-05-11,53.6,57.7,59.1,60.4,0.0,20
2021-05-12,53.2,60.7,61.2,62.2,0.03,31
2021-05-13,58.5,63.8,65.1,65.5,0.0,44
2021-05-14,63.2,70.9,71.8,71.8,0.0,26
2021-05-15,65.8,72.5,74.2,74.2,0.0,75
2021-05-16,67.3,74.1,75.5,76.1,0.01,63
2021-05-17,64.1,73.0,70.6,75.9,0.02,37
2021-05-18,70.3,78.4,80.5,80.5,0.0,48
2021-05-19,68.1,77.4,77.7,79.9,0.0,27
2021-05-20,67.0,76.4,74.9,77.9,0.0,37
2021-05-21,63.1,77.3,79.3,79.3,0.0,96
2021-05-22,72.6,82.7,86.5,87.9,0.0,99
2021-05-23,78.3,86.4,84.7,89.3,0.0,75
2021-05-24,60.7,64.6,71.7,71.7,0.0,66
2021-05-25,62.4,73.6,79.7,79.7,0.0,48
2021-05-26,75.2,88.5,89.4,90.8,0.0,37
2021-05-27,71.6,78.0,80.9,80.9,0.0,17
2021-05-28,55.2,61.0,60.8,62.1,0.02,93
2021-05-29,45.2,46.3,46.8,46.8,0.34,100
2021-05-30,49.0,49.7,48.3,49.7,0.57,100
2021-05-31,50.0,55.6,60.6,60.8,0.08,100
2021-06-01,63.9,72.0,73.8,73.8,0.0,89
2021-06-02,68.8,77.4,79.6,79.6,0.0,99
2021-06-03,63.6,70.5,68.3,72.1,0.1,99
2021-06-04,70.9,76.8,68.6,76.8,0.15,96
2021-06-05,76.0,84.8,86.6,87.4,0.0,17
2021-06-06,81.1,87.7,90.0,90.0,0.0,30
2021-06-07,83.1,88.9,92.1,92.7,0.0,26
2021-06-08,84.7,92.3,87.1,93.2,0.01,95
2021-06-09,77.0,84.9,89.8,89.8,0.02,65
2021-06-10,69.7,73.5,69.9,73.5,0.0,89
2021-06-11,58.8,62.2,64.3,64.3,0.0,96
2021-06-12,59.6,66.3,72.2,72.2,0.12,86
2021-06-13,70.7,78.5,79.8,79.8,0.0,60
2021-06-14,64.1,69.6,70.0,70.3,0.09,99
2021-06-15,66.2,71.8,73.9,75.7,0.17,64
2021-06-16,64.8,69.8,72.7,72.7,0.0,31
2021-06-17,66.0,72.5,75.8,75.8,0.0,19
2021-06-18,69.4,78.2,82.9,83.3,0.0,68
2021-06-19,73.9,84.1,85.9,87.0,0.0,63
2021-06-20,75.6,83.4,87.5,87.5,0.0,54
2021-06-21,79.2,87.7,84.8,88.4,0.0,48
2021-06-22,78.4,82.2,72.5,82.2,0.27,90
2021-06-23,62.2,69.2,72.4,74.1,0.0,35
2021-06-24,67.8,74.2,76.1,76.2,0.0,35
2021-06-25,60.3,64.4,67.4,71.5,0.04,100
2021-06-26,72.8,82.0,82.6,82.9,0.01,99
2021-06-27,76.4,84.2,88.2,89.0,0.0,92
2021-06-28,84.4,91.8,95.0,95.2,0.0,76
2021-06-29,86.5,94.5,97.3,97.5,0.0,22
2021-06-30,85.6,94.6,97.9,97.9,0.04,21
2021-07-01,76.6,79.0,79.7,81.2,0.04,94
2021-07-02,64.7,61.3,58.8,66.5,0.27,100
2021-07-03,57.2,57.9,58.8,59.1,0.29,100
2021-07-04,58.2,61.9,67.3,67.3,0.03,90
2021-07-05,62.2,69.3,72.9,73.4,0.01,68
2021-07-06,75.2,83.3,86.0,86.0,0.02,93
2021-07-07,79.1,85.5,88.1,88.3,0.0,44
2021-07-08,64.7,70.6,67.9,70.8,0.07,84
2021-07-09,68.1,67.3,67.5,69.8,2.09,100
2021-07-10,66.1,70.3,73.4,73.7,0.06,95
2021-07-11,71.9,76.8,74.8,77.3,0.04,95
2021-07-12,64.9,68.0,69.2,69.2,0.66,98
2021-07-13,65.1,69.3,67.8,70.4,0.02,99
2021-07-14,68.0,69.6,78.5,79.5,0.32,89
2021-07-15,74.3,82.1,85.5,85.5,0.0,60
2021-07-16,80.4,86.9,86.5,88.6,0.02,56
2021-07-17,71.0,76.9,80.0,80.2,0.06,97
2021-07-18,67.0,70.0,71.9,72.3,0.25,98
2021-07-19,65.2,68.2,72.4,73.0,0.13,86
2021-07-20,74.6,80.9,83.8,83.8,0.01,16
2021-07-21,72.3,79.2,78.2,79.7,0.06,72
2021-07-22,67.3,74.8,75.5,75.5,0.0,42
2021-07-23,69.6,75.4,71.4,76.8,0.14,34
2021-07-24,67.6,76.0,78.6,78.8,0.0,27
2021-07-25,67.6,67.8,74.1,76.6,0.15,79
2021-07-26,76.3,85.6,86.5,86.5,0.0,43
2021-07-27,75.7,84.1,85.3,85.8,0.0,17
2021-07-28,64.9,70.5,73.0,73.0,0.07,53
2021-07-29,68.6,75.7,74.2,77.1,0.09,98
2021-07-30,69.3,75.4,76.3,76.6,0.02,29
2021-07-31,62.7,70.0,72.8,73.4,0.0,26
2021-08-01,67.8,75.3,77.9,78.6,0.01,51
2021-08-02,68.9,74.4,76.0,76.1,0.1,23
2021-08-03,69.8,76.5,77.4,77.5,0.0,100
2021-08-04,68.6,75.5,75.5,75.7,0.02,100
2021-08-05,62.9,63.6,68.0,69.3,0.78,100
2021-08-06,71.3,80.9,83.0,83.6,0.01,29
2021-08-07,76.3,86.2,85.8,87.4,0.0,96
2021-08-08,74.5,82.3,84.8,84.8,0.0,77
2021-08-09,69.4,75.6,77.4,77.8,0.0,77
2021-08-10,66.4,72.3,80.9,80.9,0.0,88
2021-08-11,77.5,88.0,89.0,89.6,0.01,31
2021-08-12,79.8,91.6,94.4,94.5,0.0,58
2021-08-13,81.1,90.5,94.0,94.0,0.0,39
2021-08-14,84.7,86.2,79.9,88.2,0.21,68
2021-08-15,71.2,78.7,81.8,81.9,0.0,55
2021-08-16,67.6,78.0,82.1,82.1,0.0,88
2021-08-17,73.0,81.5,78.4,81.5,0.0,98
2021-08-18,75.6,83.2,87.4,87.4,0.0,90
2021-08-19,71.4,72.1,77.2,78.2,1.46,97
2021-08-20,71.2,76.3,78.9,78.9,0.01,99
2021-08-21,77.8,81.9,84.9,84.9,0.08,46
2021-08-22,67.6,67.6,72.8,73.6,0.52,100
2021-08-23,75.5,77.3,77.6,78.0,0.58,59
2021-08-24,73.0,80.4,84.6,84.9,0.02,58
2021-08-25,78.3,87.2,88.2,89.0,0.0,45
2021-08-26,80.9,89.6,92.0,92.0,0.0,24
2021-08-27,81.8,89.5,86.0,91.2,0.02,38
2021-08-28,67.9,72.4,70.6,73.0,0.0,79
2021-08-29,65.2,69.6,74.4,75.7,0.0,95
2021-08-30,75.7,81.8,78.1,85.1,0.12,86
2021-08-31,73.5,82.5,81.1,82.5,0.0,70
2021-09-01,69.4,66.5,66.9,69.4,0.67,100
2021-09-02,61.1,69.2,71.3,71.9,0.0,55
2021-09-03,61.5,68.3,70.4,70.4,0.01,26
2021-09-04,65.2,73.1,75.2,75.2,0.0,8
2021-09-05,65.2,70.2,70.8,70.8,0.02,99
2021-09-06,70.2,77.1,77.8,78.4,0.0,14
2021-09-07,66.8,74.1,74.8,75.7,0.0,33
2021-09-08,70.4,80.0,80.3,80.4,0.0,53
2021-09-09,71.8,72.6,70.5,72.6,0.44,100
2021-09-10,66.7,72.0,68.3,72.0,0.04,26
2021-09-11,62.4,71.9,71.7,73.3,0.0,54
2021-09-12,68.6,76.5,80.0,80.6,0.0,47
2021-09-13,67.4,73.9,75.7,75.8,0.01,10
2021-09-14,65.2,72.4,75.3,75.3,0.0,53
2021-09-15,73.6,80.8,82.6,82.6,0.02,86
2021-09-16,64.9,69.4,66.0,69.7,0.12,92
2021-09-17,64.9,68.0,71.2,71.2,0.02,100
2021-09-18,65.6,73.8,77.7,77.7,0.0,84
2021-09-19,60.8,68.5,71.1,71.1,0.0,5
2021-09-20,61.2,69.8,70.3,71.8,0.0,8
2021-09-21,60.6,68.3,71.5,71.5,0.0,92
2021-09-22,70.4,74.2,74.6,74.6,0.0,100
2021-09-23,72.3,76.9,79.7,80.1,0.05,41
2021-09-24,71.5,71.9,70.4,72.3,0.18,100
2021-09-25,61.9,70.5,74.0,74.1,0.0,50
2021-09-26,62.7,70.6,70.3,71.1,0.01,13
2021-09-27,61.2,70.9,73.6,73.9,0.0,61
2021-09-28,64.0,67.6,67.6,70.1,0.46,99
2021-09-29,53.6,61.6,62.9,63.3,0.0,58
2021-09-30,53.3,59.3,60.1,60.1,0.0,54
2021-10-01,54.0,63.1,63.0,64.6,0.0,44
2021-10-02,56.4,67.1,71.8,71.8,0.0,27
2021-10-03,61.6,69.9,64.4,71.3,0.0,68
2021-10-04,56.1,58.1,58.5,58.5,0.17,100
2021-10-05,53.2,55.2,57.8,58.5,0.15,100
2021-10-06,57.9,65.6,68.2,68.2,0.0,76
2021-10-07,60.6,70.0,70.5,71.0,0.0,48
2021-10-08,60.1,69.8,70.6,71.2,0.0,4
2021-10-09,58.6,62.1,60.6,62.1,0.0,97
2021-10-10,58.6,62.2,60.5,62.3,0.06,100
2021-10-11,59.2,66.2,68.6,68.8,0.03,99
2021-10-12,56.0,67.6,72.3,72.3,0.0,84
2021-10-13,62.1,72.3,74.1,74.3,0.0,2
2021-10-14,65.1,73.7,74.2,75.5,0.03,37
2021-10-15,61.3,71.6,74.3,74.3,0.0,75
2021-10-16,66.4,73.5,74.8,74.8,0.0,92
2021-10-17,54.9,60.9,62.6,62.9,0.0,24
2021-10-18,50.4,57.2,58.9,58.9,0.0,22
2021-10-19,48.1,56.5,58.6,58.9,0.0,41
2021-10-20,57.9,66.7,70.3,70.3,0.0,47
2021-10-21,61.1,71.2,73.3,73.3,0.0,66
2021-10-22,60.8,68.0,68.5,69.1,0.0,39
2021-10-23,47.7,54.5,57.2,57.4,0.0,45
2021-10-24,44.4,52.3,56.1,56.1,0.0,21
2021-10-25,48.9,53.0,55.2,55.2,0.31,100
2021-10-26,53.9,58.7,58.1,59.2,0.56,100
2021-10-27,47.1,47.7,47.4,49.4,0.2,100
2021-10-28,44.2,49.8,52.4,52.4,0.0,68
2021-10-29,41.8,49.3,51.2,51.6,0.0,93
2021-10-30,51.8,56.6,57.7,58.8,0.63,100
2021-10-31,56.2,63.1,65.1,65.3,0.0,33
2022-05-01,54.3,61.7,66.3,67.0,0.0,0
2022-05-02,50.4,57.6,57.2,58.2,0.04,100
2022-05-03,46.7,52.4,55.0,55.1,0.01,100
2022-05-04,47.4,49.3,52.7,55.3,0.23,100
2022-05-05,55.4,62.0,66.5,67.0,0.0,50
2022-05-06,54.6,61.6,62.8,63.3,0.0,100
2022-05-07,46.9,50.0,49.7,50.0,0.0,100
2022-05-08,48.0,53.4,53.4,53.7,0.0,100
2022-05-09,49.8,54.8,55.9,55.9,0.0,85
2022-05-10,53.1,58.9,59.3,59.7,0.0,7
2022-05-11,53.8,61.2,62.2,62.4,0.0,80
2022-05-12,56.7,68.7,69.4,70.3,0.0,84
2022-05-13,64.5,74.2,80.7,81.0,0.03,72
2022-05-14,73.6,83.2,86.9,86.9,0.0,91
2022-05-15,67.5,74.9,78.6,78.7,0.04,52
2022-05-16,69.0,80.6,74.6,82.9,0.08,77
2022-05-17,62.5,69.4,69.5,72.0,0.0,28
2022-05-18,57.5,65.1,70.6,70.6,0.0,34
2022-05-19,52.7,56.9,61.8,63.3,0.0,95
2022-05-20,60.4,68.6,71.8,74.0,0.0,70
2022-05-21,62.6,72.1,85.1,87.7,0.0,67
2022-05-22,79.9,89.6,88.7,89.6,0.05,50
2022-05-23,60.9,68.7,72.4,72.4,0.0,99
2022-05-24,56.4,64.1,61.8,65.8,0.0,67
2022-05-25,60.1,69.4,70.5,72.8,0.0,95
2022-05-26,60.4,69.7,70.1,70.9,0.0,93
2022-05-27,68.6,74.5,83.8,84.3,0.01,85
2022-05-28,68.2,71.7,70.4,74.8,0.16,98
2022-05-29,67.7,74.7,78.0,79.2,0.0,33
2022-05-30,73.7,82.9,86.4,88.1,0.0,52
2022-05-31,82.6,71.1,67.8,82.6,0.0,80
2022-06-01,56.7,61.4,61.3,65.2,0.06,100
2022-06-02,57.7,69.5,69.1,71.6,0.0,99
2022-06-03,60.8,61.4,67.8,69.5,0.07,87
2022-06-04,60.2,70.8,75.8,76.3,0.0,51
2022-06-05,63.2,70.1,74.8,74.9,0.0,83
2022-06-06,68.6,76.3,79.7,79.7,0.0,71
2022-06-07,72.0,79.3,79.4,81.2,0.0,93
2022-06-08,67.6,76.9,79.5,79.5,0.02,32
2022-06-09,61.8,71.9,81.1,81.1,0.49,46
2022-06-10,67.1,73.0,74.8,76.0,0.0,70
2022-06-11,66.3,76.3,77.5,77.7,0.0,92
2022-06-12,69.2,77.3,71.8,77.3,0.04,83
2022-06-13,68.8,78.6,83.2,83.6,0.01,37
2022-06-14,69.4,77.0,82.0,82.0,0.0,29
2022-06-15,68.0,72.7,74.8,75.0,0.0,99
2022-06-16,67.2,73.5,75.7,75.7,0.02,73
2022-06-17,74.3,84.7,83.3,85.9,0.0,30
2022-06-18,64.1,66.9,70.1,70.2,0.0,92
2022-06-19,54.8,62.6,63.8,63.8,0.03,100
2022-06-20,65.5,73.4,77.3,77.8,0.0,21
2022-06-21,65.4,70.0,74.4,75.3,0.0,57
2022-06-22,60.3,64.0,70.7,70.7,0.0,73
2022-06-23,67.1,73.4,71.6,74.1,0.06,43
2022-06-24,69.4,78.3,82.1,82.4,0.0,79
2022-06-25,75.9,85.5,87.8,87.8,0.0,30
2022-06-26,82.4,91.3,93.5,94.1,0.0,44
2022-06-27,76.8,81.2,76.4,81.4,0.35,94
2022-06-28,70.1,77.0,79.0,79.0,0.0,69
2022-06-29,74.4,81.7,86.2,86.2,0.0,68
2022-06-30,72.1,78.8,82.4,82.4,0.0,62
2022-07-01,80.2,90.3,92.6,92.6,0.0,81
2022-07-02,69.5,78.3,88.3,88.3,0.07,64
2022-07-03,77.2,83.2,87.1,87.1,0.0,43
2022-07-04,75.0,82.7,85.7,85.9,0.0,69
2022-07-05,76.5,74.1,78.4,82.0,0.05,99
2022-07-06,77.5,81.7,83.9,84.4,0.01,35
2022-07-07,72.6,79.3,81.5,82.6,0.0,69
2022-07-08,75.6,82.3,86.9,88.7,0.01,89
2022-07-09,73.3,80.5,80.7,82.6,0.0,0
2022-07-10,70.3,78.2,82.9,82.9,0.0,7
2022-07-11,75.5,84.7,88.3,88.3,0.0,51
2022-07-12,77.4,87.8,89.4,91.0,0.02,22
2022-07-13,79.5,87.0,91.4,91.4,0.0,20
2022-07-14,72.7,83.8,72.4,85.7,0.29,49
2022-07-15,70.9,79.6,84.6,84.6,0.0,38
2022-07-16,74.8,80.4,82.7,83.2,0.0,100
2022-07-17,76.9,85.6,87.6,87.8,0.03,43
2022-07-18,77.4,81.9,76.6,81.9,0.14,100
2022-07-19,78.3,88.9,90.8,91.2,0.0,24
2022-07-20,84.4,92.8,96.0,96.2,0.0,23
2022-07-21,84.4,91.0,94.6,94.6,0.04,64
2022-07-22,83.1,91.3,94.6,95.6,0.0,8
2022-07-23,85.4,92.8,97.2,97.5,0.0,62
2022-07-24,87.0,94.7,98.1,98.4,0.0,56
2022-07-25,85.5,83.4,74.3,87.2,0.63,92
2022-07-26,73.1,80.2,79.6,81.1,0.0,89
2022-07-27,73.2,80.2,84.8,85.6,0.0,85
2022-07-28,77.4,88.0,85.0,90.1,0.03,66
2022-07-29,79.7,87.9,90.7,90.8,0.0,36
2022-07-30,78.0,85.2,83.8,85.2,0.0,58
2022-07-31,76.6,84.1,89.1,89.9,0.0,61
2022-08-01,72.6,82.4,83.4,84.9,0.0,53
2022-08-02,77.6,87.4,91.4,91.4,0.01,15
2022-08-03,77.0,87.3,90.6,90.6,0.0,2
2022-08-04,81.4,92.6,97.3,97.3,0.0,8
2022-08-05,84.1,93.6,93.8,96.6,0.18,81
2022-08-06,78.6,88.8,91.0,92.0,0.15,44
2022-08-07,83.6,90.5,93.4,93.4,0.03,44
2022-08-08,83.1,91.2,93.5,94.3,0.0,76
2022-08-09,84.7,93.2,88.2,93.2,0.59,93
2022-08-10,67.6,72.0,76.7,76.7,0.02,92
2022-08-11,70.2,75.3,81.8,82.9,0.0,100
2022-08-12,70.6,78.8,82.9,82.9,0.0,64
2022-08-13,66.6,73.9,73.0,75.1,0.0,70
2022-08-14,70.5,79.3,84.4,84.4,0.0,44
2022-08-15,70.7,80.2,80.7,81.1,0.0,63
2022-08-16,71.2,79.3,78.1,79.3,0.02,86
2022-08-17,68.5,74.4,75.5,76.4,0.03,100
2022-08-18,68.7,75.7,83.3,83.3,0.0,73
2022-08-19,76.5,87.0,90.4,90.5,0.0,31
2022-08-20,76.3,88.7,86.7,91.0,0.01,58
2022-08-21,77.4,87.9,89.8,90.4,0.0,78
2022-08-22,69.6,72.6,69.5,72.6,0.24,100
2022-08-23,70.0,75.4,71.9,78.9,0.23,83
2022-08-24,71.8,79.0,84.1,84.1,0.04,23
2022-08-25,76.3,85.0,89.1,89.1,0.0,18
2022-08-26,75.6,84.7,85.3,86.4,0.1,50
2022-08-27,70.4,75.7,77.7,77.7,0.02,59
2022-08-28,69.1,77.7,78.9,79.9,0.0,89
2022-08-29,72.5,82.9,88.1,88.5,0.0,44
2022-08-30,78.3,88.0,90.3,90.3,0.0,27
2022-08-31,71.5,81.2,82.8,82.9,0.0,6
2022-09-01,71.8,76.1,77.9,78.1,0.0,17
2022-09-02,62.2,70.8,75.3,75.3,0.0,0
2022-09-03,67.3,76.8,82.2,82.2,0.0,69
2022-09-04,71.8,83.7,87.5,87.5,0.0,36
2022-09-05,66.6,67.4,69.1,69.1,0.41,100
2022-09-06,62.9,64.0,64.5,64.5,0.98,100
2022-09-07,62.3,67.3,69.4,69.8,0.02,97
2022-09-08,64.0,70.3,72.3,72.6,0.0,11
2022-09-09,63.6,73.2,77.0,77.0,0.0,0
2022-09-10,70.3,79.8,82.7,82.7,0.0,6
2022-09-11,70.0,76.4,70.6,76.4,0.01,100
2022-09-12,66.8,73.0,73.5,74.7,0.01,97
2022-09-13,68.5,72.0,70.3,73.4,0.33,98
2022-09-14,64.0,73.6,76.8,77.3,0.0,31
2022-09-15,58.5,64.9,67.6,67.6,0.0,5
2022-09-16,57.5,65.0,73.9,73.9,0.0,69
2022-09-17,57.1,65.2,68.9,69.0,0.0,48
2022-09-18,68.7,77.8,81.1,81.9,0.0,80
2022-09-19,60.2,65.5,67.6,67.6,0.09,100
2022-09-20,59.2,63.4,67.3,67.3,0.04,100
2022-09-21,58.7,66.5,71.5,71.5,0.0,66
2022-09-22,67.9,66.5,59.5,67.9,0.58,99
2022-09-23,51.4,56.6,58.4,58.4,0.0,48
2022-09-24,51.4,61.9,65.0,65.0,0.0,0
2022-09-25,57.7,63.2,64.9,66.2,0.11,91
2022-09-26,62.4,69.7,71.6,71.6,0.01,18
2022-09-27,60.2,69.3,71.6,71.6,0.0,37
2022-09-28,59.1,67.1,68.2,68.2,0.0,51
2022-09-29,55.9,63.3,66.0,66.0,0.0,28
2022-09-30,50.3,59.9,62.2,62.2,0.0,100
2022-10-01,50.7,52.2,55.7,55.9,0.09,99
2022-10-02,52.4,52.8,51.7,53.3,0.0,100
2022-10-03,47.6,53.6,54.3,55.1,0.0,100
2022-10-04,50.9,58.9,57.0,59.0,0.0,99
2022-10-05,51.2,55.5,57.2,57.2,0.06,100
2022-10-06,59.5,69.4,73.3,73.3,0.0,0
2022-10-07,61.7,73.0,75.7,75.7,0.0,22
2022-10-08,49.8,55.0,57.2,57.2,0.0,7
2022-10-09,47.3,57.0,62.4,62.4,0.0,17
2022-10-10,51.8,61.6,64.9,65.4,0.04,72
2022-10-11,48.6,60.4,63.9,63.9,0.0,6
2022-10-12,57.7,71.0,70.8,71.6,0.0,63
2022-10-13,64.5,64.8,69.0,69.0,0.03,100
2022-10-14,63.2,58.7,68.4,69.7,0.26,89
2022-10-15,54.6,65.8,68.1,68.1,0.0,0
2022-10-16,53.8,63.8,65.6,66.7,0.0,38
2022-10-17,49.7,54.5,55.7,57.8,0.11,100
2022-10-18,57.9,64.0,61.8,64.9,0.18,47
2022-10-19,46.1,53.3,54.4,54.4,0.0,1
2022-10-20,44.2,52.8,55.3,55.3,0.0,7
2022-10-21,46.9,57.8,61.2,61.2,0.0,0
2022-10-22,49.9,62.6,65.7,65.7,0.0,21
2022-10-23,50.5,59.3,60.4,61.7,0.08,100
2022-10-24,51.9,56.3,58.1,58.6,0.52,100
2022-10-25,57.1,63.9,64.6,65.6,0.03,100
2022-10-26,61.5,62.7,64.2,64.9,1.21,100
2022-10-27,59.0,64.9,61.3,64.9,0.0,5
2022-10-28,42.3,50.1,52.9,52.9,0.0,100
2022-10-29,41.5,54.1,57.5,57.5,0.0,0
2022-10-30,43.0,60.2,63.9,63.9,0.0,8
2022-10-31,50.2,62.2,64.9,65.6,0.0,79
2023-05-01,57.6,58.8,62.0,62.0,0.01,55
2023-05-02,49.0,54.2,49.4,56.3,0.36,99
2023-05-03,50.4,51.2,53.1,54.1,0.08,97
2023-05-04,44.2,45.1,46.6,47.4,0.02,100
2023-05-05,47.6,52.3,57.7,59.0,0.02,79
2023-05-06,59.5,68.0,70.4,71.2,0.0,41
2023-05-07,63.0,72.6,74.1,75.0,0.0,55
2023-05-08,63.1,69.4,69.4,70.3,0.0,3
2023-05-09,53.4,60.1,55.0,61.2,0.0,85
2023-05-10,57.2,65.8,69.2,69.5,0.0,0
2023-05-11,65.7,75.9,76.7,77.2,0.03,21
2023-05-12,66.1,77.9,81.1,81.3,0.0,25
2023-05-13,69.2,74.4,77.7,77.7,0.0,41
2023-05-14,54.1,61.3,64.0,64.7,0.0,65
2023-05-15,60.4,70.4,75.1,75.1,0.0,69
2023-05-16,64.4,75.0,81.1,81.4,0.0,75
2023-05-17,50.9,55.4,56.2,57.1,0.0,5
2023-05-18,50.0,58.5,64.3,65.3,0.0,22
2023-05-19,56.6,67.8,71.2,71.2,0.0,57
2023-05-20,61.7,68.1,61.4,68.1,0.56,100
2023-05-21,59.5,67.2,72.4,73.0,0.0,62
2023-05-22,58.6,62.9,63.1,63.9,0.0,8
2023-05-23,57.3,64.7,64.3,65.3,0.0,14
2023-05-24,59.5,71.4,76.8,76.8,0.06,19
2023-05-25,53.8,61.8,65.0,65.2,0.0,44
2023-05-26,58.8,66.3,68.3,69.9,0.0,31
2023-05-27,64.8,73.8,77.5,77.5,0.0,0
2023-05-28,71.0,82.8,85.8,85.8,0.0,0
2023-05-29,65.2,68.7,67.2,69.0,0.0,0
2023-05-30,57.6,67.1,69.4,69.8,0.0,11
2023-05-31,62.9,76.2,82.2,82.6,0.0,0
2023-06-01,73.7,86.6,90.1,90.1,0.0,0
2023-06-02,76.0,82.8,81.5,85.7,0.13,51
2023-06-03,53.2,53.7,53.3,53.8,0.07,100
2023-06-04,50.6,52.7,51.8,54.1,0.01,100
2023-06-05,52.4,59.2,58.8,60.0,0.1,100
2023-06-06,65.1,72.1,71.9,74.2,0.01,23
2023-06-07,59.5,65.6,63.8,65.6,0.03,93
2023-06-08,54.8,60.4,63.4,64.2,0.07,84
2023-06-09,60.0,66.7,59.2,66.7,0.24,81
2023-06-10,59.8,67.2,69.6,69.6,0.01,84
2023-06-11,67.6,77.0,80.7,80.7,0.0,80
2023-06-12,67.6,78.2,78.7,79.8,0.01,100
2023-06-13,66.8,75.3,81.5,81.5,0.04,66
2023-06-14,67.6,77.5,75.7,80.5,0.04,94
2023-06-15,63.6,70.7,75.2,75.5,0.02,37
2023-06-16,72.5,78.8,81.4,81.4,0.0,54
2023-06-17,65.4,64.8,63.1,66.4,0.93,100
2023-06-18,62.2,66.1,70.4,70.4,0.03,75
2023-06-19,62.2,65.5,67.3,67.8,0.03,78
2023-06-20,61.0,68.1,67.6,69.4,0.04,61
2023-06-21,62.7,67.6,69.7,69.8,0.0,72
2023-06-22,61.9,68.4,68.1,69.4,0.0,44
2023-06-23,64.2,72.0,80.4,80.4,0.0,98
2023-06-24,69.0,71.0,76.2,79.0,0.21,83
2023-06-25,74.4,81.1,81.1,84.1,0.1,48
2023-06-26,71.1,79.6,80.3,80.3,0.47,98
2023-06-27,71.7,73.0,71.5,74.6,0.09,100
2023-06-28,68.2,72.1,74.2,74.2,0.32,100
2023-06-29,69.6,76.1,79.5,79.5,0.01,21
2023-06-30,73.9,77.9,81.1,81.1,0.0,38
2023-07-01,71.2,77.6,77.6,78.8,0.01,69
2023-07-02,65.1,68.0,74.3,74.9,0.31,98
2023-07-03,66.5,71.2,75.7,76.6,0.04,91
2023-07-04,71.2,73.4,70.6,74.5,0.43,99
2023-07-05,75.1,83.0,85.0,85.0,0.0,6
2023-07-06,80.3,87.4,87.8,88.4,0.0,15
2023-07-07,76.9,84.5,86.9,86.9,0.0,24
2023-07-08,77.2,83.3,82.4,86.1,0.06,65
2023-07-09,71.9,79.9,77.2,80.0,0.02,100
2023-07-10,69.7,71.2,74.1,74.1,0.35,100
2023-07-11,71.4,79.1,84.0,84.0,0.01,12
2023-07-12,79.4,85.9,88.2,88.2,0.0,33
2023-07-13,77.5,85.7,86.7,86.7,0.0,88
2023-07-14,72.3,72.5,81.1,81.3,0.35,96
2023-07-15,75.6,76.6,81.2,81.6,0.28,79
2023-07-16,72.4,72.5,73.0,73.6,0.65,100
2023-07-17,76.6,83.2,86.4,86.4,0.0,20
2023-07-18,77.1,82.1,83.3,83.4,0.38,69
2023-07-19,75.2,80.2,81.9,81.9,0.0,89
2023-07-20,72.1,79.3,82.2,82.2,0.0,23
2023-07-21,72.8,75.3,78.8,79.3,0.01,87
2023-07-22,69.4,75.9,79.4,79.4,0.0,39
2023-07-23,74.4,80.3,82.7,82.7,0.0,2
2023-07-24,76.2,84.1,76.4,84.1,0.02,89
2023-07-25,76.3,82.4,74.0,83.3,0.56,87
2023-07-26,74.3,82.9,86.5,86.5,0.0,11
2023-07-27,78.4,85.1,82.4,87.0,0.24,98
2023-07-28,77.4,84.4,88.9,88.9,0.0,6
2023-07-29,81.1,86.5,86.5,86.5,0.43,78
2023-07-30,64.4,69.0,74.8,74.8,0.0,50
2023-07-31,69.6,76.5,77.3,77.6,0.0,16
2023-08-01,66.7,73.0,73.9,74.2,0.0,31
2023-08-02,64.8,71.7,72.6,74.0,0.0,47
2023-08-03,69.0,78.0,81.9,81.9,0.0,74
2023-08-04,67.6,76.0,70.9,76.8,0.27,93
2023-08-05,70.1,76.6,78.5,78.9,0.01,38
2023-08-06,70.3,78.0,81.5,81.8,0.0,35
2023-08-07,67.9,72.8,75.6,76.7,0.04,92
2023-08-08,71.1,73.7,79.7,79.7,1.2,78
2023-08-09,71.4,77.5,80.2,80.4,0.0,56
2023-08-10,73.0,81.2,75.6,81.2,0.1,98
2023-08-11,69.4,76.3,78.0,78.4,0.0,18
2023-08-12,71.2,79.3,81.6,81.6,0.0,70
2023-08-13,75.1,80.5,77.8,82.8,0.06,62
2023-08-14,72.3,80.0,80.5,81.1,0.0,67
2023-08-15,66.1,67.0,68.8,69.5,0.32,98
2023-08-16,66.7,69.3,71.4,71.4,0.01,97
2023-08-17,67.3,70.6,72.5,72.5,0.0,99
2023-08-18,68.7,71.5,79.9,79.9,0.8,68
2023-08-19,66.5,71.2,70.8,71.2,0.0,90
2023-08-20,68.5,77.3,80.7,80.7,0.0,7
2023-08-21,74.0,82.2,83.1,83.6,0.02,99
2023-08-22,64.9,72.8,76.9,76.9,0.0,38
2023-08-23,65.0,72.3,75.6,75.9,0.0,0
2023-08-24,66.9,75.6,78.2,78.2,0.0,35
2023-08-25,64.6,68.5,70.8,73.0,0.53,88
2023-08-26,70.7,76.0,81.1,81.1,0.0,41
2023-08-27,67.2,68.0,72.6,73.9,0.37,79
2023-08-28,64.4,73.8,74.7,76.9,0.02,86
2023-08-29,68.2,76.4,78.3,78.3,0.02,67
2023-08-30,68.5,74.4,79.5,79.5,0.04,51
2023-08-31,62.0,67.6,70.5,70.5,0.0,5
2023-09-01,61.6,69.6,72.3,72.3,0.0,0
2023-09-02,65.5,76.1,78.9,78.9,0.0,55
2023-09-03,71.3,80.6,82.9,83.5,0.0,11
2023-09-04,74.6,83.7,86.3,86.5,0.0,9
2023-09-05,77.2,85.6,87.9,87.9,0.0,35
2023-09-06,77.8,85.0,88.5,88.8,0.01,18
2023-09-07,80.7,89.3,90.9,91.7,0.0,23
2023-09-08,76.2,81.0,85.5,85.5,0.05,100
2023-09-09,69.9,77.0,73.9,79.0,0.23,100
2023-09-10,70.5,71.0,72.0,73.1,0.2,100
2023-09-11,69.3,73.9,76.3,76.3,0.41,94
2023-09-12,69.5,73.2,77.5,78.3,0.06,57
2023-09-13,69.4,70.1,72.1,73.5,0.4,100
2023-09-14,63.3,71.1,73.5,73.5,0.0,3
2023-09-15,57.8,65.3,66.8,67.1,0.0,100
2023-09-16,56.8,62.1,66.7,68.7,0.22,99
2023-09-17,62.6,72.3,75.7,75.7,0.0,11
2023-09-18,61.3,63.8,64.3,65.4,2.0,100
2023-09-19,63.6,69.9,71.3,71.5,0.0,11
2023-09-20,62.2,68.8,70.9,70.9,0.0,2
2023-09-21,59.0,68.4,70.8,71.4,0.0,35
2023-09-22,59.0,66.8,66.7,67.7,0.0,89
2023-09-23,55.3,59.0,56.8,59.0,0.38,100
2023-09-24,57.5,60.7,59.6,60.7,0.21,100
2023-09-25,54.7,59.7,57.6,59.7,0.35,100
2023-09-26,55.0,58.0,61.3,61.9,0.01,95
2023-09-27,54.4,64.3,66.6,66.6,0.0,35
2023-09-28,52.5,63.5,65.7,65.9,0.0,71
2023-09-29,52.8,54.5,56.1,56.1,0.76,100
2023-09-30,55.5,59.4,65.8,66.2,0.0,100
2023-10-01,59.0,69.1,73.7,73.7,0.0,2
2023-10-02,62.4,68.2,70.4,70.4,0.0,0
2023-10-03,62.0,76.4,80.4,80.4,0.0,0
2023-10-04,67.1,78.5,81.5,81.7,0.0,0
2023-10-05,63.3,73.9,77.2,77.2,0.0,27
2023-10-06,62.1,66.2,70.3,70.3,0.02,96
2023-10-07,64.2,64.9,65.1,66.6,0.36,100
2023-10-08,54.3,60.1,63.5,63.5,0.0,13
2023-10-09,50.5,58.7,58.8,59.7,0.0,82
2023-10-10,51.0,58.4,61.0,61.0,0.01,89
2023-10-11,53.3,63.8,65.4,65.9,0.01,59
2023-10-12,57.1,65.8,66.8,66.8,0.0,20
2023-10-13,49.7,57.3,60.7,61.3,0.0,28
2023-10-14,51.8,59.1,59.4,59.4,0.0,100
2023-10-15,50.3,56.4,58.6,58.6,0.0,95
2023-10-16,51.7,55.0,56.0,56.0,0.11,71
2023-10-17,50.5,57.9,58.1,59.9,0.02,70
2023-10-18,52.2,60.8,62.2,62.2,0.01,46
2023-10-19,53.9,62.9,63.8,64.7,0.0,23
2023-10-20,55.0,62.3,66.2,66.2,0.0,100
2023-10-21,57.7,58.6,57.7,58.6,1.06,100
2023-10-22,51.4,56.4,54.9,56.7,0.0,69
2023-10-23,49.1,59.3,58.2,59.5,0.0,62
2023-10-24,46.0,57.0,61.2,61.2,0.0,29
2023-10-25,54.5,68.1,72.5,72.5,0.0,65
2023-10-26,62.9,72.5,74.3,74.3,0.0,35
2023-10-27,64.0,75.0,76.2,76.2,0.0,21
2023-10-28,65.9,74.9,76.9,76.9,0.0,9
2023-10-29,49.6,47.5,47.8,51.2,0.28,100
2023-10-30,48.7,51.3,50.6,51.3,0.41,100
2023-10-31,38.8,45.0,46.9,46.9,0.0,11
2024-05-01,46.3,52.3,58.5,58.5,0.0,100
2024-05-02,53.7,66.7,73.0,74.2,0.03,54
2024-05-03,52.0,57.8,59.9,60.1,0.02,97
2024-05-04,52.3,56.4,56.2,56.8,0.0,100
2024-05-05,45.3,54.0,58.1,58.1,0.07,100
2024-05-06,55.6,66.7,72.4,72.4,0.0,100
2024-05-07,62.2,70.7,74.7,74.7,0.0,9
2024-05-08,54.3,57.4,60.6,63.2,0.74,100
2024-05-09,55.1,59.8,62.7,64.0,0.0,89
2024-05-10,48.7,56.1,56.4,57.0,0.02,80
2024-05-11,50.9,54.5,53.9,54.5,0.03,85
2024-05-12,49.0,56.2,56.0,57.1,0.0,100
2024-05-13,57.1,64.0,66.6,66.6,0.0,64
2024-05-14,60.6,72.9,76.6,76.6,0.0,39
2024-05-15,63.3,66.2,66.7,70.1,0.1,100
2024-05-16,55.0,58.2,60.8,62.8,0.3,100
2024-05-17,59.8,70.3,68.9,70.7,0.0,94
2024-05-18,56.8,56.1,55.0,57.7,0.23,100
2024-05-19,54.2,58.2,58.5,59.7,0.01,100
2024-05-20,56.2,66.3,68.9,69.2,0.0,96
2024-05-21,66.0,79.0,82.9,83.0,0.1,80
2024-05-22,74.0,83.8,85.6,85.6,0.0,12
2024-05-23,76.1,77.9,74.8,79.5,0.05,100
2024-05-24,72.5,78.6,80.9,82.0,0.0,22
2024-05-25,63.5,71.5,78.5,78.5,0.0,67
2024-05-26,67.3,76.8,79.9,80.0,0.07,63
2024-05-27,61.0,68.8,71.3,74.1,0.05,100
2024-05-28,71.0,78.1,79.4,79.8,0.0,15
2024-05-29,67.2,72.2,74.2,74.8,0.02,24
2024-05-30,52.1,55.9,56.7,60.1,0.53,97
2024-05-31,62.5,71.1,69.9,71.4,0.0,50
2024-06-01,64.5,73.7,77.4,77.8,0.0,12
2024-06-02,63.2,76.8,81.6,81.6,0.0,56
2024-06-03,68.1,79.4,76.9,81.0,0.0,12
2024-06-04,64.9,73.6,75.5,76.8,0.0,56
2024-06-05,67.8,79.5,84.0,84.4,0.0,49
2024-06-06,69.9,71.1,73.4,73.4,0.11,99
2024-06-07,69.5,74.7,79.2,81.1,0.0,53
2024-06-08,66.1,71.3,73.0,74.7,0.0,25
2024-06-09,59.2,57.1,62.1,68.6,0.26,74
2024-06-10,64.1,72.6,73.3,74.1,0.0,51
2024-06-11,64.0,68.6,71.0,71.3,0.01,93
2024-06-12,68.7,73.1,76.1,76.1,0.01,34
2024-06-13,69.6,77.9,82.9,84.2,0.0,23
2024-06-14,74.8,81.3,73.2,82.0,0.19,84
2024-06-15,65.9,72.5,74.5,74.5,0.01,6
2024-06-16,63.1,69.7,73.1,73.5,0.0,89
2024-06-17,68.2,78.4,79.3,82.1,0.0,94
2024-06-18,79.2,89.9,93.8,93.8,0.0,53
2024-06-19,79.5,91.5,95.3,95.3,0.0,43
2024-06-20,82.9,94.0,90.7,94.1,0.02,100
2024-06-21,81.2,75.5,78.4,83.4,0.63,66
2024-06-22,66.5,68.2,73.0,73.3,0.11,99
2024-06-23,64.7,78.3,87.5,87.5,0.08,98
2024-06-24,75.5,77.8,77.6,78.0,0.0,51
2024-06-25,75.5,84.7,87.8,87.8,0.0,33
2024-06-26,78.3,86.3,87.4,88.1,0.02,77
2024-06-27,69.5,78.4,78.9,80.4,0.0,38
2024-06-28,62.7,70.3,74.8,75.5,0.0,0
2024-06-29,62.7,69.6,73.3,74.8,0.0,100
2024-06-30,76.7,86.4,87.4,88.3,0.32,87
2024-07-01,71.5,77.3,74.3,78.8,0.17,38
2024-07-02,71.5,80.3,82.1,82.1,0.0,17
2024-07-03,74.2,81.9,83.9,84.7,0.0,77
2024-07-04,71.1,83.0,88.3,88.6,0.0,86
2024-07-05,76.3,81.3,85.6,85.6,0.35,99
2024-07-06,74.1,77.0,82.6,83.7,0.03,93
2024-07-07,78.7,87.1,87.5,88.1,0.01,51
2024-07-08,80.6,88.0,90.5,90.5,0.0,14
2024-07-09,82.8,74.3,85.1,88.2,0.06,88
2024-07-10,82.0,84.1,90.2,90.2,0.06,92
2024-07-11,78.0,83.4,89.7,89.7,0.01,59
2024-07-12,79.2,85.4,82.6,86.1,0.03,64
2024-07-13,72.1,73.9,78.1,80.4,0.51,73
2024-07-14,79.1,86.2,89.9,90.1,0.0,17
2024-07-15,82.8,90.1,83.8,92.1,0.04,44
2024-07-16,78.8,87.7,92.0,93.2,0.0,66
2024-07-17,80.2,86.0,90.3,90.9,0.08,57
2024-07-18,75.7,81.1,86.5,86.8,0.0,68
2024-07-19,69.9,77.7,82.7,83.2,0.0,14
2024-07-20,74.6,81.2,85.1,85.6,0.0,98
2024-07-21,75.4,81.7,83.6,83.6,0.05,63
2024-07-22,72.7,81.6,84.7,84.7,0.03,100
2024-07-23,69.0,74.1,76.8,77.5,0.02,97
2024-07-24,68.7,71.3,71.6,72.8,0.04,100
2024-07-25,71.9,71.5,79.1,80.8,0.04,88
2024-07-26,70.5,79.6,82.9,82.9,0.0,6
2024-07-27,74.8,82.7,85.8,86.0,0.0,14
2024-07-28,73.5,82.0,81.1,82.1,0.0,63
2024-07-29,66.7,64.0,71.5,73.7,0.21,74
2024-07-30,75.1,83.8,85.9,85.9,0.01,69
2024-07-31,76.9,81.6,79.1,81.7,0.38,92
2024-08-01,80.3,88.8,90.9,90.9,0.0,25
2024-08-02,81.0,88.1,91.0,91.8,0.0,91
2024-08-03,78.7,86.7,87.7,88.4,0.03,57
2024-08-04,79.7,80.3,74.4,83.8,0.77,90
2024-08-05,75.9,84.7,88.0,88.9,0.0,28
2024-08-06,69.1,67.0,71.0,72.7,0.11,96
2024-08-07,59.8,66.8,71.8,71.8,0.07,93
2024-08-08,65.8,71.3,72.1,72.1,0.0,71
2024-08-09,68.9,78.4,80.8,80.8,0.22,99
2024-08-10,76.9,83.1,83.5,83.8,0.0,4
2024-08-11,71.5,78.4,80.2,80.3,0.0,58
2024-08-12,67.5,73.8,76.6,76.6,0.04,42
2024-08-13,68.6,76.8,78.9,79.9,0.0,39
2024-08-14,71.9,79.7,82.1,82.1,0.0,11
2024-08-15,72.1,81.8,74.2,81.8,0.08,78
2024-08-16,66.6,73.8,80.2,80.2,0.0,73
2024-08-17,65.5,74.5,78.5,78.5,0.0,53
2024-08-18,63.0,73.8,71.2,74.4,0.11,97
2024-08-19,69.7,70.0,76.7,77.6,0.48,83
2024-08-20,59.9,67.7,68.7,68.7,0.0,90
2024-08-21,62.6,67.5,70.5,70.9,0.13,30
2024-08-22,61.5,66.5,71.7,71.7,0.0,63
2024-08-23,67.8,76.7,75.9,78.0,0.0,30
2024-08-24,69.6,77.8,80.6,80.7,0.0,21
2024-08-25,70.9,79.9,82.6,82.6,0.0,80
2024-08-26,69.4,76.1,69.8,76.1,0.14,70
2024-08-27,68.1,78.1,82.3,82.4,0.0,23
2024-08-28,77.3,86.0,85.7,88.0,0.0,64
2024-08-29,64.1,70.1,73.6,73.6,0.0,70
2024-08-30,63.6,69.8,70.6,70.8,0.0,1
2024-08-31,66.2,76.2,79.0,79.6,0.0,96
2024-09-01,73.2,79.4,81.1,82.7,0.07,80
2024-09-02,68.2,74.2,75.6,77.0,0.0,55
2024-09-03,60.8,68.7,72.1,72.2,0.0,0
2024-09-04,66.0,75.6,78.7,78.7,0.0,8
2024-09-05,66.0,74.8,75.3,76.3,0.0,0
2024-09-06,61.5,70.5,74.5,74.5,0.02,66
2024-09-07,62.5,72.7,75.9,76.3,0.0,100
2024-09-08,57.7,64.6,66.7,66.7,0.0,8
2024-09-09,60.4,68.9,70.9,71.8,0.0,37
2024-09-10,64.5,71.9,74.2,74.2,0.0,2
2024-09-11,61.8,71.5,75.6,75.7,0.0,31
2024-09-12,63.6,76.2,79.4,79.4,0.0,7
2024-09-13,65.8,78.4,81.7,81.7,0.0,21
2024-09-14,68.9,78.5,78.7,79.7,0.0,22
2024-09-15,65.1,74.8,77.3,77.5,0.0,8
2024-09-16,63.9,76.0,81.0,81.0,0.0,0
2024-09-17,64.6,79.5,82.6,82.7,0.0,77
2024-09-18,63.1,75.8,77.4,77.8,0.0,100
2024-09-19,66.4,76.8,75.7,77.0,0.03,84
2024-09-20,61.7,65.0,65.8,66.0,0.09,98
2024-09-21,57.3,57.5,57.2,57.7,0.8,100
2024-09-22,57.4,60.7,63.7,63.7,0.01,79
2024-09-23,57.2,61.7,63.2,63.2,0.03,99
2024-09-24,56.8,62.9,60.6,64.0,0.02,91
2024-09-25,60.4,63.1,63.4,63.4,0.0,91
2024-09-26,58.6,64.8,69.3,69.3,0.88,100
2024-09-27,62.7,72.1,74.9,74.9,0.0,52
2024-09-28,61.1,69.0,69.0,70.0,0.0,82
2024-09-29,57.7,63.9,66.4,66.4,0.02,100
2024-09-30,58.6,68.7,70.2,70.3,0.0,83
2024-10-01,58.6,65.9,63.6,65.9,0.04,99
2024-10-02,57.6,63.4,63.8,64.2,0.01,62
2024-10-03,59.5,68.8,68.8,69.2,0.0,62
2024-10-04,58.6,68.4,71.4,71.6,0.0,87
2024-10-05,60.4,67.9,70.4,70.5,0.02,7
2024-10-06,53.5,62.3,65.3,65.3,0.0,37
2024-10-07,53.9,63.0,60.1,63.0,0.27,88
2024-10-08,52.6,60.3,63.8,63.8,0.0,15
2024-10-09,51.5,59.5,60.4,60.9,0.0,30
2024-10-10,48.1,55.8,56.0,56.1,0.0,59
2024-10-11,50.2,60.6,65.4,65.4,0.0,0
2024-10-12,64.5,66.2,66.0,66.7,0.0,1
2024-10-13,46.2,47.2,47.1,47.2,0.24,100
2024-10-14,46.1,47.7,50.3,53.3,0.03,99
2024-10-15,43.9,51.9,53.2,54.1,0.0,83
2024-10-16,45.3,50.4,53.3,53.7,0.0,46
2024-10-17,41.6,52.6,55.3,55.3,0.0,52
2024-10-18,46.2,57.8,61.3,61.3,0.0,0
2024-10-19,47.9,64.0,67.8,67.8,0.0,0
2024-10-20,50.9,66.9,70.6,70.6,0.0,32
2024-10-21,59.7,73.3,75.9,76.1,0.0,5
2024-10-22,60.2,71.4,71.0,72.5,0.0,0
2024-10-23,57.8,71.6,74.1,74.5,0.0,15
2024-10-24,60.7,66.7,64.4,66.7,0.0,44
2024-10-25,46.0,55.5,58.9,59.0,0.0,0
2024-10-26,54.2,61.1,60.7,61.8,0.0,21
2024-10-27,41.3,50.1,52.2,52.2,0.0,2
2024-10-28,39.3,44.9,48.3,48.3,0.0,15
2024-10-29,40.9,52.2,53.9,53.9,0.0,100
2024-10-30,51.9,60.4,65.5,65.8,0.0,100
2024-10-31,60.9,73.5,76.0,76.0,0.0,71
2025-05-01,51.7,60.2,66.2,66.2,0.0,71
2025-05-02,55.2,61.6,75.4,76.1,0.24,81
2025-05-03,66.5,77.2,78.0,79.3,0.06,73
2025-05-04,64.1,70.4,67.6,73.9,0.31,100
2025-05-05,52.5,53.6,52.6,54.2,0.25,100
2025-05-06,57.3,58.3,63.6,65.8,0.18,100
2025-05-07,60.1,68.9,68.8,69.5,0.01,57
2025-05-08,63.2,69.8,69.4,70.9,0.36,79
2025-05-09,50.8,51.3,49.1,51.3,0.48,100
2025-05-10,47.5,52.0,59.6,63.2,0.35,91
2025-05-11,60.0,63.0,64.7,64.7,0.0,3
2025-05-12,57.1,64.0,67.3,67.7,0.0,10
2025-05-13,61.8,64.0,63.5,64.2,0.0,97
2025-05-14,58.6,65.7,68.3,68.3,0.0,86
2025-05-15,59.0,67.0,70.6,71.9,0.09,97
2025-05-16,68.5,74.3,78.2,78.4,0.0,80
2025-05-17,65.5,67.5,69.1,72.5,0.1,85
2025-05-18,63.0,64.9,66.7,66.7,0.0,65
2025-05-19,54.4,58.8,60.9,60.9,0.0,73
2025-05-20,51.4,56.3,57.1,57.4,0.0,100
2025-05-21,48.7,50.8,49.8,50.8,0.02,100
2025-05-22,45.4,45.9,45.2,46.0,0.98,100
2025-05-23,47.1,51.6,56.8,56.8,0.02,100
2025-05-24,50.9,56.5,55.2,56.9,0.04,98
2025-05-25,55.3,57.9,59.3,60.1,0.0,94
2025-05-26,58.8,63.5,67.7,67.7,0.0,40
2025-05-27,64.3,73.0,74.7,74.7,0.0,68
2025-05-28,66.4,73.3,73.4,73.6,0.0,100
2025-05-29,61.1,64.0,65.9,66.0,0.01,100
2025-05-30,66.9,72.1,68.5,73.4,0.25,82
2025-05-31,59.6,67.6,64.0,67.6,1.02,67
2025-06-01,54.8,58.6,59.5,59.6,0.0,76
2025-06-02,57.7,62.2,67.0,67.4,0.0,55
2025-06-03,63.7,71.3,74.4,74.8,0.0,41
2025-06-04,68.0,78.4,80.3,80.3,0.0,98
2025-06-05,76.6,86.9,88.3,88.3,0.0,42
2025-06-06,74.1,76.8,77.9,78.3,0.04,70
2025-06-07,68.1,67.1,70.1,71.7,0.69,100
2025-06-08,64.9,70.5,68.5,71.0,0.0,75
2025-06-09,60.5,62.2,60.5,62.8,0.0,100
2025-06-10,57.5,61.3,60.6,61.8,0.25,100
2025-06-11,68.5,75.2,76.3,76.5,0.01,14
2025-06-12,74.8,79.5,79.1,80.1,0.0,43
2025-06-13,62.5,67.7,71.7,74.2,0.0,92
2025-06-14,59.7,60.3,60.2,61.3,0.1,100
2025-06-15,59.3,63.1,65.0,65.0,0.0,95
2025-06-16,61.7,68.5,70.0,70.0,0.0,38
2025-06-17,61.5,70.8,72.0,72.1,0.03,100
2025-06-18,67.2,71.8,74.8,77.1,0.08,100
2025-06-19,73.2,82.6,86.6,86.6,0.01,56
2025-06-20,70.5,75.1,79.1,79.1,0.0,41
2025-06-21,72.5,78.2,81.5,82.7,0.0,23
2025-06-22,72.8,83.3,89.0,89.7,0.04,50
2025-06-23,82.7,89.0,92.9,93.2,0.01,83
2025-06-24,86.9,93.9,96.4,96.4,0.0,9
2025-06-25,86.0,90.0,93.4,93.4,0.01,46
2025-06-26,67.3,69.1,67.3,69.1,0.05,100
2025-06-27,65.5,71.3,74.2,74.2,0.0,80
2025-06-28,60.1,65.4,74.3,75.5,0.07,100
2025-06-29,75.2,79.0,81.8,81.8,0.0,6
2025-06-30,74.2,81.2,85.6,85.8,0.0,45
2025-07-01,76.3,81.3,87.4,87.4,0.06,88
2025-07-02,75.7,81.7,83.4,83.4,0.0,100
2025-07-03,78.1,84.4,81.3,84.4,0.0,37
2025-07-04,68.9,73.6,76.8,77.8,0.0,4
2025-07-05,70.4,76.4,78.4,78.5,0.0,100
2025-07-06,77.3,86.6,87.8,88.2,0.0,81
2025-07-07,80.0,85.6,80.4,85.6,0.35,77
2025-07-08,82.4,87.0,85.1,87.3,0.41,59
2025-07-09,68.3,73.4,77.5,77.9,0.18,97
2025-07-10,65.8,65.8,67.9,68.5,0.83,100
2025-07-11,67.0,74.6,79.4,80.1,0.01,100
2025-07-12,70.3,78.9,82.4,82.9,0.0,48
2025-07-13,70.6,77.2,81.0,81.0,0.01,73
2025-07-14,72.7,78.8,82.0,83.0,0.23,99
2025-07-15,77.7,83.2,87.2,87.2,0.01,23
2025-07-16,79.8,85.8,87.5,88.3,0.05,36
2025-07-17,81.3,84.2,78.2,84.2,0.38,85
2025-07-18,73.6,75.4,79.4,79.4,0.0,40
2025-07-19,70.3,78.5,82.0,82.6,0.0,28
2025-07-20,75.5,79.7,81.9,83.9,0.05,87
2025-07-21,72.2,74.5,76.5,76.8,0.0,10
2025-07-22,66.2,73.5,77.5,78.4,0.0,34
2025-07-23,69.5,78.1,81.1,81.8,0.0,12
2025-07-24,74.2,82.9,87.5,87.9,0.0,20
2025-07-25,81.6,90.3,84.0,90.3,0.15,54
2025-07-26,71.9,77.4,79.9,79.9,0.0,72
2025-07-27,67.3,68.6,80.6,81.2,0.07,88
2025-07-28,76.1,83.8,87.2,87.6,0.0,47
2025-07-29,82.5,91.0,94.4,94.5,0.0,36
2025-07-30,80.2,88.5,92.2,92.2,0.0,23
2025-07-31,74.9,74.6,71.0,77.5,0.56,98
2025-08-01,61.0,69.5,72.2,72.2,0.01,60
2025-08-02,64.3,72.5,75.6,76.1,0.0,18
2025-08-03,68.5,78.4,80.6,80.6,0.0,0
2025-08-04,71.8,82.0,85.9,86.3,0.0,0
2025-08-05,69.5,74.4,76.3,76.3,0.0,80
2025-08-06,68.7,77.0,76.8,77.5,0.0,100
2025-08-07,70.5,77.0,78.7,78.7,0.0,16
2025-08-08,70.5,77.9,80.8,80.8,0.0,65
2025-08-09,68.4,78.4,81.5,81.5,0.0,0
2025-08-10,71.9,82.9,86.7,86.7,0.0,68
2025-08-11,77.9,87.5,89.6,89.6,0.0,77
2025-08-12,77.5,87.5,90.0,90.2,0.0,46
2025-08-13,76.5,85.8,87.3,87.8,0.25,37
2025-08-14,77.1,82.4,85.6,86.2,0.06,86
2025-08-15,71.6,77.5,80.1,80.1,0.0,30
2025-08-16,71.0,80.2,84.7,85.3,0.02,33
2025-08-17,74.8,83.9,87.7,87.7,0.06,51
2025-08-18,62.3,68.3,72.0,72.0,0.0,84
2025-08-19,62.7,66.4,68.6,68.6,0.0,93
2025-08-20,60.4,62.4,58.6,62.4,0.28,100
2025-08-21,59.6,65.4,68.1,68.1,0.01,89
2025-08-22,65.1,75.8,81.5,81.5,0.0,13
2025-08-23,70.3,80.8,82.0,82.0,0.0,15
2025-08-24,68.8,76.8,77.3,79.6,0.0,48
2025-08-25,69.6,77.5,78.6,79.0,0.0,52
2025-08-26,66.7,73.0,75.9,75.9,0.0,18
2025-08-27,62.9,70.5,72.1,72.9,0.03,37
2025-08-28,62.9,71.5,74.8,74.8,0.0,69
2025-08-29,65.5,70.2,73.9,73.9,0.5,67
2025-08-30,59.5,69.2,71.6,71.6,0.0,38
2025-08-31,61.7,70.4,73.9,74.1,0.0,0
2025-09-01,62.6,72.3,74.1,74.2,0.0,100
2025-09-02,63.7,73.3,75.1,75.1,0.0,18
2025-09-03,64.9,74.4,76.6,76.6,0.0,14
2025-09-04,64.7,74.5,76.5,77.0,0.0,18
2025-09-05,67.1,73.9,78.9,79.9,0.02,59
2025-09-06,73.7,75.3,80.5,80.6,0.39,69
2025-09-07,59.3,60.0,61.5,62.2,0.61,100
2025-09-08,57.6,66.5,69.1,69.1,0.0,97
2025-09-09,56.7,66.8,68.0,68.3,0.0,20
2025-09-10,57.5,65.3,67.6,67.6,0.0,90
2025-09-11,60.5,71.7,74.6,75.6,0.0,35
2025-09-12,60.5,67.8,70.3,70.5,0.0,14
2025-09-13,60.7,70.7,73.3,73.7,0.0,58
2025-09-14,65.2,73.9,74.7,75.9,0.0,31
2025-09-15,62.1,70.3,72.9,72.9,0.0,63
2025-09-16,57.6,69.3,70.2,70.7,0.0,99
2025-09-17,59.4,68.6,68.8,70.0,0.0,74
2025-09-18,62.7,71.0,75.6,76.1,0.0,45
2025-09-19,68.5,74.8,77.1,77.1,0.0,5
2025-09-20,55.6,63.1,66.5,66.5,0.0,41
2025-09-21,53.3,63.6,64.9,64.9,0.0,83
2025-09-22,55.3,66.3,70.3,72.1,0.0,27
2025-09-23,65.8,75.7,77.1,77.2,0.03,54
2025-09-24,65.9,67.0,67.7,67.9,0.04,100
2025-09-25,64.8,71.2,70.6,71.6,0.45,100
2025-09-26,68.3,75.6,76.9,77.3,0.0,66
2025-09-27,66.4,73.5,75.7,75.7,0.0,87
2025-09-28,66.0,76.6,80.4,80.4,0.0,10
2025-09-29,63.0,74.5,75.4,76.2,0.0,65
2025-09-30,66.3,72.1,70.5,72.3,0.0,90
2025-10-01,52.7,59.7,63.6,63.6,0.0,3
2025-10-02,49.5,57.7,61.6,61.6,0.0,37
2025-10-03,53.7,66.0,71.4,71.4,0.0,27
2025-10-04,60.7,74.3,78.7,78.7,0.0,30
2025-10-05,62.0,75.4,81.5,81.5,0.0,0
2025-10-06,65.6,77.4,81.3,81.6,0.0,0
2025-10-07,65.8,74.8,78.7,78.8,0.0,47
2025-10-08,65.7,57.5,62.7,66.4,0.41,77
2025-10-09,46.0,51.6,54.9,54.9,0.0,0
2025-10-10,42.7,54.6,59.2,59.2,0.0,0
2025-10-11,52.4,63.9,65.0,65.0,0.0,68
2025-10-12,53.3,56.4,55.7,56.5,0.16,100
2025-10-13,51.5,51.6,51.5,52.2,0.38,100
2025-10-14,51.1,55.0,56.7,56.7,0.02,100
2025-10-15,54.7,61.1,58.8,61.1,0.0,83
2025-10-16,45.3,51.2,53.4,53.9,0.0,49
2025-10-17,46.6,56.1,60.6,60.6,0.0,11
2025-10-18,45.4,57.3,61.9,61.9,0.0,30
2025-10-19,52.8,64.1,66.5,67.2,0.0,97
2025-10-20,64.0,61.6,58.3,64.0,0.43,90
2025-10-21,52.7,59.5,63.2,63.2,0.0,0
2025-10-22,53.3,62.1,62.2,64.3,0.14,29
2025-10-23,49.2,57.2,59.2,59.2,0.0,47
2025-10-24,46.6,56.5,57.4,57.6,0.0,30
2025-10-25,45.3,53.6,55.2,55.3,0.0,39
2025-10-26,44.3,53.1,53.7,54.7,0.0,39
2025-10-27,40.4,50.9,51.8,51.8,0.0,46
2025-10-28,43.1,51.3,52.5,53.2,0.0,71
2025-10-29,45.4,47.8,48.6,48.7,0.0,100
2025-10-30,48.1,52.9,53.3,54.2,0.06,100
2025-10-31,56.4,59.2,56.5,59.2,0.0,75
2026-05-01,50.2,55.6,60.4,61.6,0.0,54
2026-05-02,48.1,54.9,51.7,54.9,0.2,94
2026-05-03,45.7,51.5,52.4,53.1,0.03,94
2026-05-04,56.9,64.5,68.5,68.5,0.0,50
2026-05-05,62.2,74.0,77.8,78.3,0.0,67
2026-05-06,64.7,70.1,62.0,70.1,0.27,100
2026-05-07,53.8,59.2,60.6,62.5,0.0,18
2026-05-08,52.2,56.3,58.4,58.4,0.02,42
2026-05-09,45.5,54.0,51.5,54.7,0.35,100
2026-05-10,55.8,66.5,69.5,69.5,0.12,74
2026-05-11,51.6,59.1,60.9,62.3,0.0,91
2026-05-12,51.9,57.2,61.1,61.9,0.0,61
2026-05-13,49.5,54.1,59.5,63.1,0.07,100
2026-05-14,56.0,58.6,57.5,61.4,0.64,100
2026-05-15,53.6,56.2,55.4,56.2,0.06,100
2026-05-16,61.9,69.2,74.3,74.4,0.0,49
2026-05-17,71.1,79.5,82.5,84.3,0.0,14
2026-05-18,66.4,72.3,70.8,72.7,0.0,38
2026-05-19,80.9,90.3,91.9,91.9,0.0,24
2026-05-20,81.2,86.1,84.0,86.5,0.06,57
2026-05-21,59.2,63.1,64.3,66.1,0.0,98
2026-05-22,55.6,61.4,63.4,64.2,0.0,99
2026-05-23,57.8,62.1,62.6,62.7,0.0,100
2026-05-24,50.8,52.0,51.2,52.1,0.25,100
2026-05-25,56.8,60.4,72.3,75.9,0.14,94
2026-05-26,68.1,75.7,80.0,80.1,0.0,42
2026-05-27,74.2,81.4,83.2,84.0,0.0,73
2026-05-28,67.0,69.4,69.2,70.3,0.01,30
2026-05-29,62.4,67.3,66.8,68.4,0.02,81
2026-05-30,45.1,42.4,44.1,48.7,0.34,99
2026-05-31,57.6,67.2,62.6,67.3,0.07,95
2026-06-01,49.6,56.3,61.5,62.0,0.02,62
2026-06-02,62.7,70.3,73.4,73.6,0.0,66
2026-06-03,69.9,77.8,81.0,81.2,0.0,0
2026-06-04,73.2,84.2,86.6,86.8,0.0,39
2026-06-05,75.7,84.6,86.4,87.2,0.0,82
2026-06-06,72.9,84.4,81.6,84.4,0.01,99
2026-06-07,73.1,79.2,78.3,80.0,0.03,51
2026-06-08,64.5,72.2,75.9,76.2,0.0,36
2026-06-09,70.3,78.6,82.3,83.2,0.0,2
2026-06-10,75.1,85.9,89.0,89.0,0.02,69
2026-06-11,76.6,86.1,89.2,90.1,0.01,32
2026-06-12,75.8,86.0,83.4,89.6,0.29,84
2026-06-13,76.1,83.3,86.7,86.9,0.0,2
2026-06-14,79.6,88.0,87.6,89.8,0.0,65
2026-06-15,71.0,77.5,77.9,78.7,0.0,76
2026-06-16,65.5,71.9,76.6,77.4,0.0,37
2026-06-17,70.3,76.4,80.5,80.5,0.0,58
2026-06-18,66.1,73.1,76.4,79.2,0.13,90
2026-06-19,69.4,75.9,77.5,77.5,0.0,58
2026-06-20,69.4,76.1,76.1,77.7,0.02,31
2026-06-21,70.8,77.7,79.5,79.5,0.03,34
2026-06-22,67.3,74.3,67.0,76.9,0.29,100
2026-06-23,62.9,65.0,67.0,68.1,0.32,100
2026-06-24,70.3,77.7,78.7,79.7,0.0,41
2026-06-25,72.2,78.2,80.2,80.2,0.0,55
2026-06-26,65.3,73.2,75.5,76.7,0.2,60
2026-06-27,72.1,78.1,75.6,78.8,0.05,41
2026-06-28,67.3,75.5,79.9,80.2,0.02,44
2026-06-29,74.0,82.9,79.6,83.5,0.01,12
2026-06-30,74.9,85.4,90.3,90.3,0.1,65
2026-07-01,76.6,84.4,92.3,93.1,0.03,77
2026-07-02,85.2,92.8,95.4,95.4,0.0,8
2026-07-03,86.7,94.1,96.2,96.2,0.02,10
2026-07-04,85.5,91.6,91.1,91.6,0.02,50
2026-07-05,74.3,81.5,84.2,84.2,0.0,81
